news_id,category,subcategory,title,abstract
N55528,lifestyle,lifestyleroyals,"The Brands Queen Elizabeth, Prince Charles, and Prince Philip Swear By","Shop the notebooks, jackets, and more that the royals can't live without."
N19639,health,weightloss,50 Worst Habits For Belly Fat,These seemingly harmless habits are holding you back and keeping you from shedding that unwanted belly fat for good.
N61837,news,newsworld,The Cost of Trump's Aid Freeze in the Trenches of Ukraine's War,"Lt. Ivan Molchanets peeked over a parapet of sand bags at the front line of the war in Ukraine. Next to him was an empty helmet propped up to trick snipers, already perforated with multiple holes."
N53526,health,voices,I Was An NBA Wife. Here's How It Affected My Mental Health.,"I felt like I was a fraud, and being an NBA wife didn't help that. In fact, it nearly destroyed me."
N38324,health,medical,"How to Get Rid of Skin Tags, According to a Dermatologist","They seem harmless, but there's a very good reason you shouldn't ignore them. The post How to Get Rid of Skin Tags, According to a Dermatologist appeared first on Reader's Digest."
N2073,sports,football_nfl,Should NFL be able to fine players for criticizing officiating?,Several fines came down against NFL players for criticizing officiating this week. It's a very bad look for the league.
N49186,weather,weathertopstories,"It's been Orlando's hottest October ever so far, but cooler temperatures on the way","There won't be a chill down to your bones this Halloween in Orlando, unless you count the sweat dripping from your armpits."
N59295,news,newsworld,Chile: Three die in supermarket fire amid protests,"Three people have died in a supermarket fire as angry protests in Chile entered their seventh day, the mayor of capital city Santiago said on Sunday."
N24510,entertainment,gaming,Best PS5 games: top PlayStation 5 titles to look forward to,Every confirmed or expected PS5 game we can't wait to play
N39237,news,newsscienceandtechnology,"How to report weather-related closings, delays","When there are active closings, view them here. WXII 12 News receives a number of phone calls and e-mails from viewers with questions. Sign up for our Newsletters To report a closure, please visit wxii.reportclosing.com The weather closing system is a viewer-operated system. Employees of WXII-TV and WXII12.com DO NOT enter the information in the system. That comes straight from the school/business/institution. Before you can enter information,..."
N9721,health,nutrition,"50 Foods You Should Never Eat, According to Health Experts",This is so depressing.
N60905,autos,autosenthusiasts,Trying to Make a Ram 3500 as Quick as a Viper Requires Some Disassembly,The 2019 Ram 3500's new Cummins diesel has 1000 lb-ft of torque. We put it to work on the drag strip.
N39758,health,nutrition,25 Biggest Grocery Store Mistakes Making You Gain Weight,"From picking up free goodies to navigating the wrong aisles, these grocery shopping mistakes could be one of the sneaky reasons you're gaining weight."
N28361,health,wellness,Instagram Filters with Plastic Surgery-Inspired Effects Could Soon Disappear,"In an effort to combat some of the negative mental impacts caused by social media, the company announced it is removing all of its filters that give a plastic surgery-like effect."
N18680,health,health-news,"Michigan apple recall: Nearly 2,300 crates could be contaminated with listeria","A Michigan produce company has recalled nearly 2,300 cases of fresh apples that could be contaminated with listeria."
N55610,lifestyle,lifestyleroyals,Kate Middleton's Best Hairstyles Through the Years,The Duchess of Cambridge knows her way around an updo.
N35621,entertainment,celebrity,Stars who got fired from major projects,Take a look back at the celebs who got the boot from major movies and TV shows.
N22850,travel,travelarticle,Newark Liberty Airport's Terminal One a $2.7 billion 'transformative' project,"The project, which is the bi-state agency's single-largest investment in the state, is projected to be completed in 2022."
N58173,autos,autossuvs,Is This The 2021 GMC Yukon Denali?,"A Motor1.com reader sent this to us, and it sure looks legit."
N29120,sports,football_nfl,"John Dorsey admits talks with Washington, but it ""takes two to tango""","Team officials in Washington ""emphatically"" denied a rumor of a Trent Williams trade to Cleveland, according to a report Tuesday. A day later, Browns General Manager John Dorsey admitted publicly he has talked to Washington president Bruce Allen. ""We've had a few conversations,"" Dorsey said, via Mary Kay Cabot of the Cleveland Plain Dealer. ""It [more]"
N9786,news,newspolitics,Elijah Cummings to lie in state at US Capitol Thursday,"Cummings, a Democrat whose district included sections of Baltimore, died last week at age 68 from complications related to longstanding health issues."
N47705,travel,traveltripideas,"17 Abandoned Theme Parks to Explore for Thrills, Chills, and Nostalgia","Disney, Six Flags, and even the Flintstones have had amusement parks that succumbed to disasters, bad press, and shifting entertainment markets. But for the adventurous, abandoned theme parks, whether in California, Florida, or Ohio, can be fascinating places to explore   if you dare."
N3574,autos,autosnews,Ford Bronco Test Mule Spotted Flexing Its Muscles in Australia,"It still won't be offered in the Land Down Under, however."
N42474,news,newsbusiness,Trump's Trustbusters Bring Microsoft Lessons to Big Tech Fight,"DOJ's Makan Delrahim and the FTC's Joe Simons have agreed to divide Google, Facebook, Amazon, and Apple between them."
N64498,sports,golf,PGA Tour winners,A gallery of recent winners on the PGA Tour.
N7517,lifestyle,lifestylepetsanimals,10 Things You Never Knew About Owls,"With their huge eyes, sharp talons, and swiveling heads, owls are mysterious creatures."
N63665,foodanddrink,recipes,25 Last-Minute Ideas That Will Absolutely Save Your Holiday Dinner,These last-minute ideas will make you excited for the (sometimes-stressful) holiday. The post 25 Last-Minute Ideas That Will Absolutely Save Your Holidays appeared first on Taste of Home.
N59469,lifestyle,lifestyleroyals,Every outfit Duchess Kate has worn in 2019,"See Kate Middleton's style choices this year from glam gowns and coat dresses to re-wears, tiaras and hats."
N57356,news,newsscienceandtechnology,"New iPad Pro 2019 release date, price, news and leaks","Apple is likely gearing up to release a new series of iPad Pro tablets, so this is what we know and what we want to see."
N15926,health,weightloss,These Simple Diet Changes Helped This Guy Lose 75 Pounds in 9 Months,The part of me that knew I had to make changes took control.
N43620,news,newsworld,"Without help from US, UN climate fund struggles to meet goal","Rich countries gathered Thursday in France to discuss replenishing an international fund that is meant to help poor nations tackle climate change, but which is falling short of its targets because the U.S. has stopped contributing."
N60603,entertainment,gaming,Best PS4 games 2019: play great PlayStation 4 games,"These are the best PS4 games available today, from Sony's awesome exclusives to third-party must plays"
N40078,tv,tv-gallery,The 23 Best TV Reboots of All Time,"These TV reboots are the best in their class. Find out which show revivals outshine the competition, or even steal the spotlight from their own originals."
N61409,news,newsscienceandtechnology,Netflix hackers: Why they steal passwords,"Netflix accounts don't really offer the selling potential stolen Facebook accounts do, but they still tempt a subset of hackers."
N46013,foodanddrink,recipes,20 Must-Try Gravy Recipes for Your Thanksgiving Feast,Turkey just isn't the same without it.
N50643,weather,weathertopstories,"A little snow causes a big mess, more than 100 crashes on Minnesota roads","A snowfall of a mere one-tenth of an inch caused way more than its share of damaged cars and rattled drivers early Saturday, with 118 crashes reported between 6 a.m. and 11:30 a.m., according to the Minnesota State Patrol. Another 22 vehicles spun out or slid off the slick roads, said State Patrol spokesman Lt. Gordon Shank. No weather-related fatalities were reported. Although 18 people were ..."
N60723,news,newsworld,Extinction Rebellion wins court challenge against London police,A blanket ban against the climate change activist's 10-day demonstrations across London in October was ruled unlawful.
N63175,sports,basketball_nba,"LA rivalry takes on new meaning for fans as Lakers, Clippers in hunt for NBA championship","NBA Finals MVP Kawhi Leonard and other Clippers say they are used to taunts and booing from Lakers fans, who are ""like a religion"" in Tinseltown."
N22028,lifestyle,lifestylebuzz,"Mom with schizophrenia, 6-year-old daughter missing in Queens",
N8795,lifestyle,shop-all,5 Things You Probably Shouldn't Be Buying from Costco,"Bigger isn't always better, and some items sell for way cheaper at the supermarket than the warehouse."
N43647,news,newsphotos,POWER RANKING: Here's who has the best chance of becoming the 2020 Democratic presidential nominee,We've combined Insider polling and results of Morning Consult's daily survey to create a weekly power ranking of the potential 2020 candidates.
N41835,news,newsworld,Today in History: November 2,
N8071,lifestyle,lifestyleroyals,"25 Photos of the Royal Family at Balmoral Castle, Queen Elizabeth's Favorite Home",The royal family has been visiting the Scottish estate for more than a century.
N26926,lifestyle,voices,I'm Afraid to Tell My Male Bosses I'm Pregnant,"Women with children are considered less competent than those without. The longer I can pretend I'm one of the women without, the better."
N49265,foodanddrink,recipes,These Cranberry Sauce Recipes Are Perfect for Thanksgiving Dinner,You'll never want the store-bought version ever again.
N5124,sports,basketball_ncaa,Phil Fulmer blasts NCAA after key Tennessee freshman denied eligibility,"Uros Plavsic, a redshirt freshman who transferred from Arizona State after a coaching change, will not be allowed to suit up for the Vols this season."
N42777,lifestyle,lifestyleroyals,Prince George's Royal Life in Photos,"Photos of the future king of England   who is third in line for the throne, behind his father and Prince Charles."
N41387,tv,tv-gallery,Can you answer these real Jeopardy questions about TV shows?,"Culling data straight from the ""Jeopardy!"" archives, Stacker will provide a ""clue"" about TV shows and then present the answer in the form of a question on the following slide. Can you answer these real ""Jeopardy!"" questions about TV shows?"
N41106,sports,golf,Randall's Rant: Is Tiger already the GOAT without 18 majors?,"We may never understand what Tiger Woods has gone through off the golf course, but even so, does that make him the GOAT without 18 majors?"
N37243,finance,finance-real-estate,The 25 most desirable places to live in the US in 2019,Check out where U.S. residents would live if they could.
N20139,foodanddrink,quickandeasy,40+ Stuffed Pasta Recipes You'll Want To Make Every Night,Stuff yourself.
N9680,tv,tv-celebrity,'Bachelor's Amanda Stanton Is Dating 'Rich Kids of Beverly Hills' Star Brendan Fitzpatrick,The mom of two opened up to ET about her dating life in August.
N35518,health,voices,"I'm Sorry, But Please Do Not Put Your Purse On My Couch","Welcome to my house, please drop your bag right there."
N60434,lifestyle,lifestyleroyals,It's Not All About the Corgis - Here Are the Royal Family's Other Beloved Pets,We all know how much Queen Elizabeth loved her Corgis.
N48239,autos,autosenthusiasts,"2020 Toyota Supra GT4 details announced, makes 429 horsepower",It goes on sale next year
N40045,travel,travelnews,Tim Burton's Original Art Is on Display at the Neon Museum in Las Vegas,A rare retrospective dedicated to the filmmaker's eccentric style marks the first time in nearly a decade that his artworks have been on display in the United States.
N43946,movies,movies-gallery,16 Live-Action Disney Movies in the Works After 'Maleficent: Mistress of Evil' (Photos),"The studio is raiding its vault to remake classics including ""Mulan"""
N10836,foodanddrink,tipsandtricks,100 Genius Tips that Will Make Your Holidays So Much Better,"From grocery shopping to cooking to using up the leftovers, we've assembled expert tips to help you through the holiday season."
N49585,travel,traveltripideas,What's new in Germany and the Low Countries for 2019,"Germany is famously a work in progress-- as are the nearby Low Countries-- and that includes their sightseeing attractions. In 2019, there's good news and a few important warnings for the smart traveler. To handle its ever-increasing number of visitors, Germany is busy renovating sights and..."
N24798,lifestyle,lifestylebuzz,Millennials are killing purse sales and replacing them with backpacks,"Sales of women's backpacks are consistently rising, experts say."
N64668,autos,autosbuying,23 Things Car Dealerships Don't Want You To Know,"With these secrets, you can get the best deal."
N27435,sports,more_sports,Locked On Suns Wednesday: Suns blast Kings to begin 2019-20 season,"What a way to begin the season for the Phoenix Suns, winning 124-95 over the Kings."
N3395,tv,tv-gallery,TV shows we're most excited about for the rest of the year,"From HBO originals like ""His Dark Materials"" to the new season of Netflix's ""The Crown,"" here are some of the shows we can't wait to watch."
N53133,lifestyle,shop-apparel,The Absolute Best One-piece Bathing Suits of 2019,One-piece bathing suits are arguably the best kind you can wear them with jeans once summer is over. Here are the best and trendiest one-pieces to buy.
N30702,lifestyle,voices,40 Things I Wish I Could Tell My Younger Self,"From celebrities to scientists, doctors to artists, we asked some very successful people to share what they wish they had known when they were younger. You and your kids get all the great advice no time machine needed! The post 40 Things I Wish I Could Tell My Younger Self appeared first on Reader's Digest."
N14538,autos,autostrucks,Why Is This Weird Chevy Colorado Test Mule Trolling Ford HQ?,"It could be a Bronco test vehicle wearing a Bow Tie disguise, but some things don't add up."
N37188,lifestyle,lifestyledidyouknow,20 Words and Phrases You Had No Idea Were Coined in New York City,"Hey, youz! Check out all these vocab gems that were born in New York City! The post 20 Words and Phrases You Had No Idea Were Coined in New York City appeared first on Reader's Digest."
N1032,sports,racing,All of Kevin Harvick's Monster Energy Series victories,Recap all of Kevin Harvick's Monster Energy NASCAR Cup Series wins throughout his career in the sport's top series.
N30953,foodanddrink,newstrends,PCC Community Markets Plans Its First Fast Casual Restaurant Inside New Ballard Store,The massive PCC outpost will open November 13
N10886,foodanddrink,restaurantsandnews,"Where to Find a Good, Cheap Sandwich in Every State","Have a craving for a great sandwich? These 50 restaurants have you covered whether your favorites include classic subs, Mexican tortas, Vietnamese banh mi, or old-fashioned barbecue. Take a look at what's available in your state and check out the unique combinations diners are enjoying all across the country."
N52386,foodanddrink,restaurantsandnews,16 major chains where you can buy plant-based versions of your fast-food favorites,Plant-based burgers are coming into the mainstream. Here are the chains where you can buy the Beyond Burger and the Impossible Burger.
N22218,lifestyle,lifestylemindandsoul,"Do You Hate Meditating? So Do These People, But They Do It Anyway","We all know we should meditate; from mitigating chronic pain to easing the physical symptoms of anxiety, meditation has long been touted as a panacea for the people. In fact, meditation is the fastest-growing health trend in the U.S., and with new apps and retreats being introduced every day, it doesn't look like it's slowing"
N57388,sports,baseball_mlb,So far the World Series is one big reminder that you can't predict October baseball,You only needed to stand by the exit of Minute Maid Park for a few minutes in the eighth inning of World Series Game 2 to know what Astros fans thought of the mauling that was still taking place.
N30389,entertainment,celebrity,40 Celebrity Mothers and Daughters at the Same Age,These are some good genes.
N16104,foodanddrink,restaurantsandnews,The Top 50 Fast Food Restaurants in America,Find out how your favorite fast food joint stacks up against the rest.
N25540,finance,finance-saving-investing,"Take heart, millennials: Investing is within your reach",News headlines might lead you to believe that millennials are striking out on a growing list of financial accomplishments.
N51343,video,viral,Viral college football fan under fire for past offensive tweets,"Carson King, who held up a sign on television asking for ""beer money,"" has raised $2 million for a children's hospital. This comes as his past offensive tweets were revealed in a newspaper profile. NBC's Molly Hunter reports for Weekend TODAY."
N60774,video,viral,Watch this priest perform a 'spirited' dance at pep rally,"A priest in Fort Lauderdale, Florida, walked onto the scene as a cheer squad was performing a routine at a pep rally, and proceeded to give a whole new meaning to the term school spirit! TODAY's Hoda Kotb has your Morning Boost."
N37129,finance,finance-taxes,Don't Be Like These Celebrities Convicted of Tax Evasion,These celebs were in hot water with the taxman.
N64723,sports,football_nfl,All eyes on Drew Brees as possibility of return nears,"Will this be the week Drew Brees returns as the Saints starting quarterback? ""That's the plan, we'll see,"" Brees responded when he was asked Wednesday about playing Sunday against the Arizona Cardinals. Brees had surgery to repair a ligament in his right thumb on Sept. 18. During Wednesday's walk-through practice Brees could be seen flexing his thumb, which was still in a brace. We will see what Brees' participation in the walk-through was after..."
N3080,foodanddrink,newstrends,Restaurants to Satisfy Late Night Cravings in Louisville and Beyond,"Maybe you need a tasty meal to eat after a long night of drinking and having fun, or perhaps you work the late shift. Either way, a restaurant that's open 24 hours or close to it is what you need. Here are restaurants where you can get a bite late at night or very, very early. See what Louisville has for night owls."
N40494,lifestyle,lifestyleroyals,Cutest photos of the royal Cambridge kids,"See the best photos of Prince George, Princess Charlotte and Prince Louis!"
N15839,autos,autossuvs,2021 Cadillac Escalade's Interior Spied for Real,The next-gen SUV will be getting a large curved touchscreen atop the dashboard.
N19163,autos,autosenthusiasts,"Veneno Roadster, One:1, One-77, LaFerrari, P1, Veyron headline 25-car Bonham's auction",Stunning collection was seized by European authorities.
N13343,lifestyle,lifestylebeauty,46 Mismatched Nail Ideas You'll Want to Copy Immediately,Why wear one shade when you can wear them all?
N60852,weather,weathertopstories,In Photos: Flooding across the globe,Millions of people have been displaced from their homes after torrential rains triggered floods and landslides across the globe.
N61864,news,newsopinion,The News In Cartoons,News as seen through the eyes of the nation's editorial cartoonists.
N36064,finance,finance-companies,More store closings coming: The list of retailers closing locations in 2019,"More than 10 months into 2019, more than 8,600 stores are slated to close and more closings are expected. Is your favorite store closing?"
N35788,autos,autosnews,Extreme Jeep Wrangler Prototype Caught Testing in Michigan,Could this be a peek at a future Wrangler variant with even more off-road capability?
N61167,movies,movies-gallery,Must-see biopics,Take a look at the greatest true-life biographical stories on the big screen.
N27190,sports,football_nfl,"Redskins place TE Jordan Reed on injured reserve, ending his season","The Redskins are calling it quits on the season for Jordan Reed, placing him on the IR as he continues to battle back from a concussion."
N9035,sports,football_nfl,"NFL Week 9 Odds: Point Spreads, Betting Lines For All 14 Football Games",Another week has passed and still the New England Patriots and San Francisco ers remain undefeated. That very well could change in Week though particularly for the Patriots who have
N19651,lifestyle,lifestyleshopping,27 products you only need to buy once in your life,"Here are all of the brands with true lifetime warranties that will replace, repair, or refund you for your purchase, at any time."
N22957,foodanddrink,restaurantsandnews,Ranking 26 fast-food fried-chicken sandwiches (including Popeyes),The world has been abuzz this week with talk of Popeyes fried chicken sandwich. But how does it stack up in a packed field of competitors? Nick Kindelsperger of the Chicago Tribune offers up his view.
N63006,finance,finance-savemoney,17 Surprising Ways Penny-Pinching Costs You More,Frugal living could end up costing you in the long run.
N5159,travel,traveltripideas,The Fascinating Story Behind Where 'Hocus Pocus' Was Filmed,You can visit Max and Dani's home ... if you dare.
N47685,health,mentalhealth,Early symptoms of dementia: Be aware of subtle signs,Would you be able to recognize the symptoms of this creeping affliction?
N44720,news,newsus,Man killed in officer-involved shooting in St. Louis,"A man was killed in an officer-involved shooting Sunday morning, according to the St. Louis Metropolitan Police Department. It happened near 13th and Clinton. Police said they tried to pull over the man for a traffic violation, which led to a short chase. Eventually the car ran over an obstruction, causing a crash. St. Louis police said the man ran off and officers used a taser to try to stop him, but they said he pulled out a weapon and pointed..."
N55024,lifestyle,lifestylesmartliving,40 Etiquette Mistakes You Need to Stop Making by Age 40,"From errors you make on the phone to rude things you do with your significant other, clean up your act by ditching these etiquette mistake in your 40s."
N44162,sports,football_nfl,"Patriots vs. Ravens: 3 keys to the game, fun facts, prediction","Finally, the Patriots will play a real game against a legitimate opponent. For the first time since Week 4, the Patriots should play in a compelling game, as they will take on the Ravens on the road Sunday night. While the Patriots are 8-0 on the year, the Ravens are 5-2 and coming off their bye. In their last game, they had one of the better wins of the season by going into Seattle and coming away with a 30-16 win. Lamar Jackson is also one of..."
N52683,health,fitness,14 Celebs Over 50 Who Are In The Best Shape Of Their Lives,A list of celebs over 50 who take health and fitness very seriously   and it shows!
N8185,autos,autosclassics,The Oldsmobile Toronado - was it the ultimate personal car?,The first front-drive American car for 30 years remains an intriguing prospect today
N1358,video,news,"With impeachment inquiry 'concerns' getting addressed, GOP have nowhere to go","Joe Scarborough lists through the complaints Republicans have been rattling off about the impeachment inquiry, including the need for a direct source and a process vote. With both things now on the table, it's a very bad day for the Trump Republicans."
N39817,lifestyle,shop-all,"28 Surprisingly Good Costco, Walmart, and Target Products","If you know Costco, Walmart, and Target best for store-brand food bargains, don't overlook these household products. Whether you're in the market for cleaning products, home decor, or men's and women's clothing, shoppers can find store-brand versions that deliver the goods at budget prices."
N54799,health,fitness,17 Low-Impact Workouts You Should Try If You're Not In Your 20s Anymore,"These exercises will make you sweat, but won't injure you!"
N34169,lifestyle,lifestyleroyals,"When royals lose their tempers, from the Queen to Kate Middleton",See all the times the royal family have lost their tempers in public.
N33303,finance,finance-career,"25 Hot Jobs That Pay More Than $100,000 a Year",Landing a six-figure salary is easy with these careers.
N51340,lifestyle,lifestyleroyals,Queen Elizabeth's Cousin Says Royal Family 'Don't Communicate Very Well',Queen Elizabeth's Cousin: Royal Family 'Don't Communicate Very Well'
N46021,health,medical,"12 ways your skin can react to stress, according to a dermatologist","Stress can play a big part in your skin's overall health. From acne to sweat, we asked an expert for some ways that stress can affect your skin."
N13855,news,newsus,Ikea US president backpedals on meeting parents of children killed by recalled dressers,"After inviting the parents of children who died in tip-overs of Ikea dressers to meet with him, Ikea's US president has refused to set a date."
N16556,news,newsus,Multi-vehicle accident on I-64 in James City County causes miles-long backup,"Multiple vehicle accidents on Interstate 64 in James City County shut down lanes and caused traffic headaches for drivers on Saturday. The accidents occurred near Camp Peary and Barlow Road, according to VDOT. Drivers were stuck in traffic for hours and backups by 1 p.m were around 6 miles long. VDOT is advising drivers to avoid the area if possible especially at mile markers 235 and 238. As of 1 p.m., all west lanes are back open. Virginia..."
N22679,sports,golf,"Dissecting the softer, gentler Tiger Woods",The truth is that Tiger has been a nicer person than he has received credit for.
N24423,foodanddrink,quickandeasy,39 Appetizers for a Crowd That Are Easy and Unexpected,"Whether you're hosting a dinner party or an impromptu gathering, you're going to need snacks. Here are 39 appetizer recipes for a crowd that are easy to make and even easier to eat."
N20084,lifestyle,lifestylehoroscope,How To Guess Someone's Zodiac Sign,Do you have what it takes to guess?
N18393,lifestyle,lifestylehoroscope,What Men Find Attractive According To Their Zodiac Sign,"A debate that comes up time and time again, what do men like?"
N7141,sports,football_nfl,Rams Week 8 snap count analysis,"The LA Rams' game plan involved a lot of Cooper Kupp, and not so much Gerald Everett in their Wembley win"
N11663,news,newsgoodnews,"These College Friends Pledged To Stay In Touch---60 Years Later, They Still Do","Since 1956, a tight-knit group of sorority sisters have helped each other through weddings, careers, children and old age by writing letters; 'Our letters reflect the seasons of our lives so much.'"
N55435,sports,football_ncaa,Photos of College Football Cheerleaders,Photos of College Football Cheerleaders
N39173,finance,retirement,5 reasons Gen Xers are struggling with retirement savings,And what to do about them.
N33874,lifestyle,voices,The Most Important Things Fatherhood Has Taught Me About Being a Man,"They don't want the 'pretend you have it all together' version of me, they simply want me. To be present. To be engaged. To be there. To be real."
N44661,lifestyle,lifestylehomeandgarden,Fall Home Maintenance Checklist: 20 Things to Do Every Year,Feel that nip in the air? Fall has arrived! Here's how to get your home and yard ready for winter before it's too late.
N41976,health,ads-lung-health,Study: Third-Hand Smoke Can Damage Your Lungs,"Third-hand smoke is the residual chemicals, including nicotine, that tobacco smoke imparts to indoor surfaces, vehicles, clothing, and hair."
N36820,finance,personalfinance,"Toad, Pasta and Other Unusual Names for Money Around the World",Learn the ever-evolving slang for money across the globe.
N54727,lifestyle,lifestyleroyals,The surprising age differences between your favorite royal couples,"Here are the age differences between Meghan Markle and Prince Harry, Prince William and Kate Middleton, and other famous royal couples."
N11683,finance,finance-top-stocks,BP profit beats as strong refining offsets lower oil price,"BP Plc reported profit that beat analyst estimates as a strong refining performance offset the effect of lower oil and natural gas prices, and bad weather that curbed production. The positive result will please investors expecting a gloomy third quarter for Big Oil. Crude prices have fallen as the U.S.-China trade war stokes demand concerns, while American output has continued to flood the market. ""BP delivered strong operating cash flow and..."
N19401,autos,autosnews,Best website defacement monitoring service of 2019,Keep a watchful eye out for unauthorized tampering with your website by using these tools.
N31442,foodanddrink,quickandeasy,How to Take Chicken Breasts From Frozen to Shredded in an Instant,"When I have boneless, skinless chicken breasts in my freezer, I like to make a batch of shredded chicken in the Instant Pot straight from frozen and turn it into all manner of meals throughout the week."
N47214,news,newspolitics,Here are the lawmakers who are not seeking reelection to Congress in 2020,"The battle for control of Congress is more than a year away but some lawmakers are already deciding not to run for reelection, setting up a few potentially interesting campaigns in the 2020 election."
N31402,foodanddrink,restaurantsandnews,The Best Seafood Restaurant in All 50 States,"Think there are too many seafood places in Maine to choose among, but none in landlocked Nebraska? This list will point your cravings and more in the right direction. Whether it's shrimp, crab, fish, or sushi that you love, even the most landlocked states have top-notch options for seafood. Find out what's near you."
N61358,health,nutrition,5 Foods That Can Actually Help Prevent Gray Hair,Don't say goodbye to your natural color just yet.
N48632,finance,personalfinance,How much you must earn to be in the top 10% in your state,See what the highest earners in your state make.
N57699,health,wellness,"Ahad Israfil, gunshot wound survivor, dies","Ahad Israfil, a Dayton man known for his remarkable recovery story after a gunshot wound to the head in 1987, has died."
N27214,foodanddrink,recipes,19 Super Delicious Fall Soups Made From Scratch to Try Now (Including Pumpkin!),Slurp away!
N25174,weather,weathertopstories,"Winter Storm Warning For Metro Denver, Boulder: Update",
N51426,music,musicnews,"Kanye West's 'Jesus is King' album still isn't here, fans aren't happy","Kanye West originally announced ""Jesus is King"" would drop Friday. Then he rescheduled for Sunday. The album still isn't here, and fans aren't happy."
N41013,news,newsopinion,"Doug Schoen: Hillary vs. Trump in 2020? If Clinton is serious, here's best way for her to defeat the president","Even when she is out of the running for president, Hillary Clinton is still one of the most prominent voices in the Democratic Party."
N19888,sports,football_nfl,"Titans force 4 turnovers by Winston, hold off Buccaneers",The Tennessee Titans rallied to beat the Tampa Bay Buccaneers 27-23 Sunday for their second straight win.
N45191,lifestyle,shop-all,Amazon Says These Are Its Funniest Customer Reviews,
N60535,sports,football_nfl,"Josh Gordon, New Patriots Receiver Mohamed Sanu Share Laugh At Practice",Josh Gordon and Mohamed Sanu were all smiles Wednesday at Gillette Stadium -- and who can blame them Sanu officially joined the New England Patriots on Wednesday following his trade from the
N47600,lifestyle,causes,People Told My Daughter With a Disability She Wouldn't Be Able to Do Everything She Does Today,I wish I had a dollar for every time someone told me that diagnosis is just a word.
N35318,news,newsoffbeat,It's illegal to leave your pumpkins outside in Maricopa County,"'Tis the season for carving faces and other designs into pumpkins before putting candles inside the rotting ghords to celebrate Halloween. It's a wonderful tradition which comes with a very important caveat in many Arizona counties. ""Putting out a pumpkin for a javelina is definitely feeding wildlife,"" said Amy Burnett with Arizona game and Fish. Leaving your pumpkins outside in Maricopa County is illegal and you could be fined for doing do. The..."
N11360,health,nutrition,This is how much water you need to drink for weight loss,Drinking plenty of water is one of the major tenets of weight loss. But just how much water is enough? Here's how you can drink water to lose weight.
N13566,lifestyle,lifestylepetsanimals,30 Least Expensive Dog Breeds,These 30 pups have friendly price points.
N24417,sports,basketball_nba,Cavs could put claim on Alfonzo McKinnie after surprising release from Warriors,The Cleveland Cavaliers may be picking up a piece from their longtime rivals.
N59891,news,newsworld,Maryland police ID man killed in crash of semi hauling beer,"NORTH EAST, Md. (AP)   Maryland state police have released the identity of a semitruck driver who was killed over the weekend when his vehicle overturned on Interstate 95. The News Journal of Wilmington reports 32-year-old Benjamin Pula died in the Sunday morning crash near North East and Rising Sun. The newspaper says Pula's LinkedIn page says he was a semitruck driver based in Greensboro, North Carolina, where he also helped manage a dairy..."
N30236,sports,tennis,American teenager Gauff reaches maiden WTA final in Linz,American teenager Gauff reaches maiden WTA final in Linz
N64593,health,nutrition,An avocado a day could lower your 'bad' cholesterol levels and reduce your risk of heart disease,"Bad cholesterol means LDL (low-density lipoprotein), and having too much can clot arteries and lead to heart problems."
N45970,news,newsworld,The Latest: House measure condemns Trump's Syria withdrawal,"President Donald Trump said Wednesday that U.S. troops are ""largely out"" of a region of Syria where Turkish forces are attacking the Kurdish fighters who were America's allies in fighting the Islamic State group. (Oct. 16)"
N54542,autos,autosnews,Police searching for thief stealing cars at Atlanta airport,Atlanta police are searching for a car thief who they say has been targeting cars at Hartsfield-Jackson Atlanta Airport.
N30290,foodanddrink,restaurantsandnews,The Real Reason McDonald's Keeps the Filet-O-Fish on Their Menu,It's something of an underdog story.
N51844,foodanddrink,recipes,29 Thanksgiving Menus That Will Make November So Much Easier,Be ahead of the carve and give thanks for these delicious Thanksgiving dinner menu options.
N7992,travel,travelnews,You can now stay in a giant guitar-shaped hotel that you have to see to believe,Want to sleep in a building shaped like a guitar? The Seminole Hard Rock Hotel & Casino in South Florida is taking things to the next level.
N49374,lifestyle,lifestyleroyals,Princess Beatrice's fashion hits and misses over the years,See all the style highs and lows from the British royal.
N14176,foodanddrink,videos,Blueberry Dump Cake Satisfies Every Sweet Tooth,"Dump cakes are the perfect, easy summer desserts and stress free!"
N60584,health,weightloss,"Those Grueling Workouts May Not Help You Lose Belly Fat, but Here's What Will","If you're trying to lose weight, you're probably doing it to look and feel good, but shedding belly fat, specifically, can also improve your health."
N10,health,weight-loss,7 Running Workouts for Weight Loss,It's all about the fartleks.
N46830,video,news,'This is not normal': Sen. Manchin reacts to Vindman attacks,"Sen. Joe Manchin, D-W. Va., weighs in on the personal attacks against Lt. Col. Alexander Vindman, calling them 'despicable.' Sen. Manchin also discusses the bankruptcy reform bill Stop Looting American Pensions' Act."
N41147,entertainment,gaming,This Sony PS5 feature could end the PlayStation vs Xbox battle once and for all,Can't figure out how to get to scale the wall and reach the helicopter? PlayStation Assist may be able to help
N61914,finance,finance-career,50 Great Jobs for Retirees,"Retirement doesn't necessarily mean that work stops. For many retirees, work is a financial necessity, while others continue working for social reasons. Seniors can build on their previous careers or branch out into a new area they've always enjoyed. Check out these employment ideas to see which might be best for you."
N21253,lifestyle,lifestylecareer,"5 Incredible, Research-Backed Benefits of Having a Passion Outside Work","Science to professionals: seriously, get a hobby already."
N24905,news,newspolitics,Grieder: Special election in House District 28 portends a deeply polarized 2020 election cycle,"The special election in Texas House District 28 this year is special indeed, according to leaders from both parties. As a result, it's offered us all a dreary preview of what to expect in 2020, as Republicans and Democrats battle for control of the Texas House, and the state more generally. Republicans, apparently, are going to cast all Democrats as socialists. Democrats are going to cast all Republicans as   well, as Republicans, and pawns of a..."
N65207,health,health-news,"Tennessee has deadliest year yet for drug overdoses, as nearby states improve","Tennessee is seeing overdoses increase while other Appalachian states are gaining ground on the opioid crisis, CDC data shows."
N16430,video,animals,This Rare Albino Hedgehog Was Rescued In California,This hedgehog was rescued in California.
N35616,finance,markets,Why more employers are helping workers pay off student loans,"Americans owe a record $1.5 trillion in student debt, a burden that can hinder goals such as homeownership"
N23386,lifestyle,voices,I'm an American who moved to Canada  here's why I'll never move back,"From soon-to-be legalized marijuana to healthcare, here are some of the reasons I think Canada is better than the US and why I plan to stay."
N43484,lifestyle,shop-holidays,The Top 25 Holiday Gifts For Women That Will Be Flying Off the Shelves in 2019,"Whether you like it or not, it's time to start thinking about the biggest task at hand for the holidays: gift shopping."
N59794,lifestyle,lifestyledidyouknow,40 Things (Probably) Only Baby Boomers Will Remember,The times were much simpler.
N15483,health,medical,It's National Check Your Meds Day,Is it time for a medication reconciliation?
N62736,entertainment,gaming,The 20 best horror games of all time,"From classics like Silent Hill and Resident Evil, to modern horror like Alien Isolation and PT - these are the best scares in gaming"
N35080,finance,finance-top-stocks,5 Excellent Dividend Stocks to Buy for the Holiday Season,"The whole stock market is currently doing well, but this collection of dividend stocks promises ample returns. More From InvestorPlace 2 Toxic Pot Stocks You Should Avoid 10 Battered Tech Stocks to Buy Now 7 Strong-Buy Stocks Hedge Funds Are Buying Now The 7 Best Penny Stocks to Buy"
N19146,finance,finance-taxes,The most (and least) tax-friendly states for retirees,Find the best states for taxes in retirement.
N17041,music,musicnews,The Eagles Soar and Perform 'Hotel California' For the First Time in Its Entirety in Las Vegas,"Eagles revisited their 1976 classic, 'Hotel California' Friday night, performing it for the first time in its entirely."
N48072,news,newsus,Sacramento police look for driver in deadly hit-and-run,"Sacramento police are looking for the driver involved in a deadly hit-and-run that happened early Wednesday morning. The crash was reported around 5:35 a.m. in the area of Fruitridge Road and Wallace Avenue, the Sacramento Police Department said. Police said a man appeared to be crossing Fruitridge Road when he was hit by a car. A passerby found the victim in the roadway but did not see the car involved in the crash, according to police. When..."
N18287,foodanddrink,restaurantsandnews,From McDonald's Szechuan Sauce to the Popeyes' sandwich: 6 out-of-control fast-food menu launches that shook America to its core,"From McDonald's Teenie Beanies to KFC's Double Down, here are the six biggest launches in fast-food history."
N41146,finance,financenews,GM Spring Hill could ramp up output soon as union leaders laud stand in national strike,UAW's GM Council will decide Thursday whether to end 30-day walkout
N31161,sports,baseball_mlb,Astros have a lot of baseball left despite two bad losses to Nationals,
N37461,lifestyle,lifestyleroyals,Queen Elizabeth Once Trolled a Group of Tourists Who Didn't Recognize Her at Balmoral Castle,It's recently been reported that the Queen trolled a group of American tourists who failed to recognize her while walking around Balmoral Castle.
N39490,travel,travelarticle,"Lenape protest groundbreaking of Passaic's new Dundee Island Park, say it's 'sacred ground'","Members of the Ramapough Lenape Nation protested at a groundbreaking, saying the Dundee Island Park in Passaic is ""sacred ground"" to Native Americans."
N8691,autos,autosenthusiasts,The Bugatti Chiron Super Sport 300+ Briefly Went Airborne During Its Record Run,Driver Andy Wallace describes the moment the Chiron prototype left the ground at 277 mph.
N26444,sports,more_sports,Cincinnati vs UConn Football History,Bearcats are 8-0 vs UConn at Nippert Stadium and 12-3 overall
N30868,health,nutrition,How to Spot Common Sneaky Foods That Contain Gluten,Salad dressing and soy sauce are common offenders.
N56406,autos,autosnews,Bicyclist struck by train in Beverly; Delays on Newburyport/Rockport line,"Trains on the Newburyport/Rockport Commuter Rail line were cancelled and delayed Tuesday morning after a man riding his bicycle was struck by an outbound train, officials said. The man was struck at the Beverly Depot around 8:20 a.m. while riding through the pedestrian cut-through, according to Transit police. He sustained serious injuries and was rushed […]"
N56618,news,newspolitics,CNN and MSNBC hit Ingraham guest for accusing White House official testifying in impeachment inquiry of 'espionage',Anchors on CNN and MSNBC expressed their outrage at Fox News' Laura Ingraham.
N5373,lifestyle,lifestylemindandsoul,"If These Spooky Quotes Don't Get You in the Halloween Mood, Nothing Will",From song lyrics to lines from your favorite scary movies.
N36464,autos,autosnews,Portion of I-90 reopened after two killed in head-on collision during OSP chase in Euclid,
N38308,health,medical,45 Sneaky Signs You're Unhealthier Than You May Think,There's a big difference between thinking you're healthy and actually being healthy. Discover the silent health symptoms that often go ignored.
N12440,movies,movievideo,Trailer - One Last Night,Official Trailer
N2540,video,news,Pakistan PM reveals what he told Prince William at lunch,"Pakistan Prime Minister Imran Khan tells CNN's Max Foster about his relationship with the British royal family, and describes how Princess Diana's death impacted residents of rural Pakistan."
N42716,lifestyle,voices,Trolls Told Me I'm Too Ugly To Post Pics. Then I Did And Something Incredible Happened.,"Melissa Blake should be banned from posting pictures of herself.Those were the words that greeted me one afternoon as I was scrolling theinternet. It was just 10 words, left by a stranger in the comments of aYouTube video I was mentioned in, but they packed a powerful punch. I winced,but not as much as you might think.Did those words hurt? Absolutely. Was I surprised by them? Not in theslightest. Sadly, I've come to expect them.Let me back up..."
N39638,finance,finance-retirement,Want to retire and live in an RV full time? 8 things you need to know,8 tips to retire & live in an RV
N24900,sports,mma,Bare Knuckle Knockout! Watch Gabriel Gonzaga Whup Bigfoot Silva In Tampa,"Bare Knuckle FC returned on Saturday night for their eighth show in two years, this one featuring a heavyweight showdown between UFC veterans in Tampa, Florida. Gabriel Gonzaga and Antonio Silva were both looking to prove they still had a little something left in the gas tank to give. In the end it was Gonzaga who got his hand raised after pummeling Silva and KO'ing him 1:50 into the second round. Here's highlight video of the final moments of..."
N9947,finance,finance-career-education,10 Job Skills Worth Six-Figure Salaries,Learn these skills to get you closer to six figures.
N25567,movies,movies-celebrity,The Fast and the Furious Director Rob Cohen Accused of Sexual Assault,A woman claims Cohen assaulted her in a hotel room while she was unconscious.
N25205,lifestyle,lifestyleroyals,14 hilarious photos that prove Kate Middleton is just like us,"Sometimes, it's hard to believe Kate Middleton once lived a life that didn't involve state banquets with the Queen."
N61681,lifestyle,lifestylehomeandgarden,18 Electric Wiring Fails That Will Make You Wince,It's best not to take shortcuts when it comes to the electrical work in your home. Take a look at these 18 electric wiring fails that will make you wince and learn what not to do!
N59709,sports,football_nfl,Adrian Peterson had to 'hold back tears' in return to Minnesota,"Adrian Peterson returned to Minnesota on Thursday night, but this time he did so as a member of the Washington Redskins in a game that was critical for each team despite them heading in different directions."
N57930,lifestyle,voices,I Quit My Glamorous Corporate Job to Travel the World,"Yes, it's possible."
N9013,news,newsscienceandtechnology,Southwest flight attendant alleges pilots live streamed video from camera in lavatory,"DENVER   A Southwest Airlines flight attendant has filed a lawsuit alleging two pilots streamed video from a camera hidden in a lavatory, according to KTVT. The alleged incident occurred in February 2017. The flight attendant, Renee Steinaker, said she was working on a flight from Phoenix to Pittsburgh when she went into the cockpit and saw an iPad mounted on the windshield. The iPad was ..."
N15651,finance,finance-real-estate,"The penthouse of NYC's Woolworth Building just got a $31 million price cut. Check out 'The Pinnacle,' which occupies the top 5 floors of the iconic, green-roofed skyscraper.","The condo comes as a ""white-box"" unit, meaning it comes without any furniture, finishings, or appliances, so the buyer can customize it completely."
N63682,lifestyle,lifestylecareer,12 Life-Changing Career Tips From Navy SEALs,You can learn a lot from these elite military members.
N51784,sports,racing,Martin Truex Jr. through the years,Martin Truex Jr. has had plenty of memorable moments throughout his NASCAR career. We look back on some of the most iconic ones.
N41869,foodanddrink,tipsandtricks,5 Turkey Cooking Tips That'll Guarantee You Have the Perfect Bird,There's no need to wing it at Thanksgiving this year.
N13882,sports,football_nfl,Adrian Peterson had to 'hold back tears' in return to Minnesota,"Adrian Peterson returned to Minnesota on Thursday night, but this time he did so as a member of the Washington Redskins in a game that was critical for each team despite them heading in different directions."
N6258,lifestyle,lifestyledecor,These Room Divider Ideas Will Transform Your Home in an Instant,A gamechanger for just about any space.
N27641,video,news,Buttigieg: 'Not going to get in the middle' of Hillary Clinton attacks on Tulsi Gabbard,Mayor Pete Buttigieg (D-Ind.) tells Chuck Todd that he doesn't want to comment on Hillary Clinton's attack on fellow presidential candidate Rep. Tulsi Gabbard (D-Hawaii).
N50246,news,newsus,"I quit my job, moved to Alaska to bake bread   and rebuilt my identity","As a journalist in the nation's capitol, Jenny Starrs was constantly in motion, to squeeze out another task on her to-do list and fill up the last free day on her calendar. Then, one day she quit."
N60798,foodanddrink,recipes,10 Turkey Sandwich Recipes for All Your Thanksgiving Leftovers,Put your extra cranberry sauce to good use.
N37423,weather,weathertopstories,"Suez says lead levels meet federal standards, but only when you round down",Suez said Friday lead levels now meets the federal standard of 15 parts per billion. Test results sent to regulators show lead readings at 15.4.
N23937,lifestyle,lifestyleroyals,6 gorgeous royal family heirlooms that Kate Middleton wears regularly,"Kate Middleton wears priceless heirlooms including rings, bracelets, and tiaras that belonged to Princess Diana and Queen Elizabeth."
N43734,sports,racing,Power Rankings: Kyle Busch putting pieces together before favorable Round of 8,NASCAR.com's Pat DeCola ranks the eight remaining NASCAR Playoffs drivers after the race at Kansas Speedway and before Martinsville Speedway.
N11593,finance,finance-billstopay,What millennials get wrong about Social Security,Few issues unite millennials like the future of Social Security.
N27715,lifestyle,shop-all,Need the Perfect Last-Minute Gift? We Got You Covered,It's never too late to get something super thoughtful.
N23874,movies,movies-celebrity,Celebrities at their Hollywood hand and footprint ceremonies,"See Kaley Cuoco, Melissa McCarthy, Keanu Reeves and more stars at their imprint ceremonies at the famed Chinese Theatre."
N3565,sports,football_nfl,Wolverines in the NFL: Top performances from Week 8,"Below are notable performances from former Michigan players in Week 8 of the NFL season. Miami Dolphins DE Taco Charlton The 2017 first-round pick has found a home in Miami. In Monday's 27-14 loss to the Pittsburgh Steelers, Charlton recorded his fourth sack in five games with the Dolphins. He also had had a forced fumble. Charlton was claimed on waivers from the Dallas Cowboys earlier this ..."
N26766,autos,autosnews,Tanker truck bursts into flames following crash in Warren County,
N61203,lifestyle,lifestylecelebstyle,"Zendaya, Nicole Kidman and More Best Dressed Stars at Elle's Women in Hollywood Event","The ladies dressed to impress in Beverly Hills, California, Monday night."
N1244,lifestyle,lifestylebuzz,3 billion fewer birds are in North America now than in 1970,"North America has lost nearly 3 billion birds since 1970, a study says. It also found significant population declines among hundreds of bird species."
N9774,sports,basketball_nba,Man accused of hatchet attack charged with attempted murder,"A man accused of placing a sort of Molotov cocktail at the door of a man's trailer tried to attack him with a hatchet, police say. Bertram Mann IV, 43, is awaiting trial on charges of attempted first-degree murder and arson, Pinellas County jail records show. Just before 9 p.m. Thursday in the area of 15th Avenue N. and 22nd Street, according to the police report, Mann was seen placing a flaming Molotov cocktail at the door of a trailer where..."
N10538,news,newscrime,"25-year-old killed in Arlington shooting, police say","A 25-year-old Grand Prairie man died after he was shot in Arlington on Tuesday night, Arlington police tell WFAA. Anthony Tennon was found by officers lying in the parking lot of an apartment complex on the 2100 block of Hendricks Drive with a gunshot wound around 9:10 p.m., police say. First responders took him to a local hospital, where he was later pronounced dead, according to police. ""Detectives do not believe this was a random encounter..."
N20833,travel,traveltripideas,Scotland's majestic Isle of Skye,"Scotland's islands may be distant fringes, but those who venture to them are richly rewarded with dramatic landscapes, a rich heritage, and a warm welcome."
N5815,finance,finance-savemoney,How Costco and other bargain stores stay so cheap,"If you've wondered how popular discount grocery stores including Trader Joe's, Aldi, and Costco keep prices low and customers so happy, here are a number of the strategies they use to pass savings on to customers. if you're faithful to a traditional grocery store, you may yet recognize some version of these techniques."
N46851,autos,autosnews,The most famous automotive advertising slogans - US edition,Built Ford Tough   and many more: time to investigate the story behind the most famous automotive slogans
N59874,lifestyle,lifestylesmartliving,11 Phrases That Will Make You More Successful at Work,"Adopt these phrases and strategies to ensure you seal the deal, smooth over a difficult relationship, or impress your boss. The post 11 Phrases That Will Make You More Successful at Work appeared first on Reader's Digest."
N19513,finance,markets,"These are best and worst stocks for the 'data era,' Morgan Stanley says","This shift to what Morgan Stanley called the ""data era"" may hurt companies that have so far been dependent on revenue from smartphones and personal computers, the firm said."
N3649,lifestyle,lifestylebuzz,Did you know Amazon has coupons? This step-by-step guide will help you instantly save,Your guide to finding and using Amazon's coupon page.
N6632,entertainment,celebrity,Star Tracks: Celebs on Vacation,Celebrity Vacations: Where Stars Travel
N28561,news,newsweather,"Nestor bringing heavy rain to Southeast, mid-Atlantic after spawning tornadoes in Florida",Soaking rains are gusty winds are in the forecast Sunday from the Carolinas up through the Mid-Atlantic as the remnants of Tropical Storm Nestor move across the region after the storm triggered tornadoes across Florida that damaged homes and ripped the roof off a school.
N25024,sports,more_sports,Sports on the air: Daily TV and radio schedule,Daily TV and radio listings
N41208,finance,finance-saving-investing,How retirees can make required minimum distributions pain free,"It's that time again, when individuals over age 70½ and those with inherited retirement accounts have to take out their annual required minimum distributions. Here's the missteps to avoid so that you're not faced with a tax penalty."
N61178,entertainment,celebrity,Star Tracks: Celebs at Home,Celebrity Homes: Inside Stars Houses Summer 2019
N4015,video,popculture,"Following Trump's endorsement, Spicer has emotional night on 'Dancing With the Star'","It was an emotional night for Sean Spicer on Dancing With the Stars, Monday. President Trump's former press secretary dedicated his performance to his father, who passed away in 2016 from pancreatic cancer. ""This is an opportunity to pay homage to my father, a great man, a great friend, a great inspiration,"" said Spicer, """"I'd like to dedicate this dance to my dad and all the fathers out there suffering from cancer but still being the best dad that they can."" The theme of the show was Disney Night and Spicer danced as the character Woody from Toy Story 4. His quickstep was his most well received dance and he earned his first 7 score from the judges. After his performance, Spicer became emotional because Disney Night reminded him of one of his last memories with his father. ""It was a great experience to be able to share that whole experience with my kids and my mother and father,"" said Spicer, ""So to know that it was actually the ride that we went on, it was kind of cool."""
N4586,autos,autosbuying,Chevy Equinox Discounted Up To 20 Percent In November,As part of Chevrolet's Black Friday promotion.
N32515,lifestyle,lifestyleweddings,The Most Iconic Short Wedding Dresses of All Time And How to Get the Look,"Look to Sharon Tate and Yoko Ono for your ""I do"" inspiration."
N4147,music,musicnews,"José José, Legendary Mexican Singer, Dead at 71",The 'El Triste' singer passed away on Saturday.
N58146,lifestyle,lifestylepetsanimals,14 Wild Dog And Cat Species That Are Amazingly Rare,"You probably won't see these rare dog and cat species in your local woods. They are some of the rarest dogs and cats in the world - whether because of deforestation, loss of habitat, or lack of eligible mates to breed with, you'll be hard-pressed to find these canines and felines around the world. If you have found them, you're probably either a scientific researcher or a very wealthy person. ..."
N34122,foodanddrink,beverages,How to make hot chocolate so rich it coats your spoon,New York City has claimed its latest victim: City Bakery has permanently closed its doors.
N3528,lifestyle,lifestylefamilyandrelationships,60 Things No Spouse Ever Wants to Hear,"Of course, we all make mistakes but if you want to keep your marriage intact, these are the things to never say to your spouse."
N39809,sports,football_nfl,"Redskins Rumors: If Bruce Allen won't pick up the phone to trade Trent Williams, the Browns could go shopping for a LT in the NFC East",#FireBruceAllen
N1810,lifestyle,lifestyleroyals,Where Do the Royals Reside? This Handy Guide Will Tell You Who Lives in Which Palace,Even serious British royal family buffs might be surprised to learn where the royal relatives reside.
N14042,autos,autosnews,Latest Automotive Safety Recalls,The latest safety recalls issued by the National Highway Traffic Safety Administration.… The post Latest Automotive Safety Recalls appeared first on autoNXT.net.
N12081,lifestyle,lifestyleroyals,50 Times Meghan Markle Has Broken Royal Protocol,"She's a rebel! A rebel with a lot of beautiful coats, but still a rebel."
N58073,travel,travelarticle,Crews spray down Golden Ray cargo ship after white smoke billows out,"White smoke was seen coming out of the Golden Ray cargo ship in Georgia Sunday morning, according to the Unified Command. The Unified Command said they were notified of the smoke around 8:30 a.m. They are currently monitoring the situation with air and ground teams to learn further information. Air quality at the site of the Golden Ray and the surrounding area is also being monitored by the command. ""About a third of the way to the bow, there..."
N27287,autos,autosnews,The U.S. Army Is Developing a Better Bullet,"The new 6.8-millimeter bullet will equip a new generation of army carbines, squad automatic weapons."
N48549,sports,basketball_nba,Heat suspend Dion Waiters one game for 'conduct detrimental to the team',"The Miami Heat have suspended guard Dion Waiters for Wednesday night's season opener against the Memphis Grizzlies at AmericanAirlines Arena for ""conduct detrimental to the team."" The Heat issued a statement from team president Pat Riley late Saturday that read, ""There were a number of unacceptable incidents this week, culminating with his unprofessional conduct on the bench last night. As a ..."
N52529,sports,football_ncaa,Connor Barwin: NFL retirement announced by former UC Bearcats standout,"Connor Barwin expressed interest in returning to the Eagles, but it didn't happen."
N16077,sports,football_ncaa,The best College GameDay signs from Memphis,
N27063,lifestyle,lifestyledidyouknow,15 Abandoned Places That You Can See Only in Pictures,"Long before the advent of the internet and Google Maps, vast reaches of the world were cloaked in mystery. Though today there's little uncharted territory left to discover, there are still secret locales scattered throughout the United States places that mistakes, hubris, miscalculations, and the sweep of time have transformed into ghost towns that are now too dangerous or difficult to visit. Read on to learn about 15 abandoned places you can explore only through photographs unless, that is, you're willing to risk a trespassing charge (something we strongly discourage). Though abandoned, many of these locations are still private property, and while some aren't technically off-limits, concerns about toxins, deteriorating structures, and other dangers should offer a strong deterrent."
N13305,finance,finance-saving-investing,Here's why small investors aren't buying the 'index funds bubble' argument,"Even as big-name fund mangers warn of an index-fund bubble, individual investors are content to pour money into them."
N7348,news,newsscienceandtechnology,The best water bottles in 2019 that'll make you want to drink more water,These are some of the best alternatives to disposable plastic water bottles to keep you hydrated all day long.
N49134,sports,racing,Matt Tifft will miss rest of season after suffering seizure at Martinsville,John Hunter Nemechek will drive the No. 36 car for Front Row Motorsports the final three Cup races of the season.
N34722,tv,tv-gallery,Here's when all 28 new Lifetime Christmas movies will air,"Here's when all 28 new Lifetime Christmas movies will air, complete 2019 schedule"
N5599,sports,football_nfl,NFL rushing title likely to go down to the wire,"The race to lead the league in rushing appears set to go down to the wire this season, with the NFL's top four running backs all projected to finish the season within 30 yards of each other. Vikings running back Dalvin Cook leads the league with 823 rushing yards, followed by Jacksonville's Leonard Fournette at [more]"
N49830,music,music-gallery,Katy Perry's biggest career moments,Take a look back at the highlights of Katy Perry's professional life!
N36911,sports,football_nfl,"NFL Rumors: Why Josh Gordon Fell Out Of Favor, Was Released By Patriots",The New England Patriots' decision to release Josh Gordon remains to a degree a shocking one but there's no going back now. After getting placed on waivers following his release
N27394,autos,autosenthusiasts,1988 Pontiac Fiero Transformed Into An Extreme Custom Supercar,"This one-off custom car has elements from Lamborghini, Ferrari and McLaren!"
N65217,news,newsoffbeat,Monument Circle will become a big movie screen with lights Saturday. Here's how it works.,"Starting Saturday, major light displays and videos honoring Indiana veterans will play every night on Monument Circle in Downtown Indianapolis."
N49369,music,music-gallery,15 Groundbreaking Female Rappers Who Changed The Industry,MCs who made a difference in the rap game.
N64413,foodanddrink,recipes,These Vegetarian Meal Ideas Are so Tasty (and Perfect for Christmastime),These dishes will make everyone at the table happy.
N37414,music,music-gallery,The best hair metal bands,"The hair, or glam, metal bands of the 1980s remain one of the true guilty pleasures in the history of music. The hair spray, makeup and catchy pop tunes touched up with distortion were made for MTV. Though there really wasn't much substance to the music, the scene was popular to the mainstream nonetheless. So we've decided to rank our 20 hair metal bands of all time. But before we go on, bands like Def Leppard, Kiss, Scorpions, Whitesnake, Extreme and Tesla are not on this list. While, yes, some of these groups made massively successful pop-tinged metal albums during the '80s, they were either already successfully established hard-rock acts before this time and went for some easy money or were unjustly lumped into the genre thanks to MTV. With that said, here we go."
N27137,foodanddrink,restaurantsandnews,The Food Truck Everyone Is Obsessed With in Your State,What's the top-rated food truck in your state?
N34406,news,newspolitics,"Sen. Sinema's new bill would allow families' names to be put on veterans' headstones, too","Currently, only veterans are entitled to headstones or markers if families choose to bury their loved ones in a private cemetery."
N9,foodanddrink,restaurantsandnews,Check out these unique eateries formerly known as other things,"Gas stations, firehouses and beauty parlors are just a few of the places being transformed into unique restaurants."
N15254,finance,finance-companies,"WeWork set to sack 2,000 staff as anger toward founder Adam Neumann grows",Troubled office rental company to lay off 13% of its workforce to try to staunch massive losses   and few believe the cuts will stop there
N33161,weather,weathertopstories,"Home destroyed, but dishes left intact: Neighborhood hit hard by Dallas tornado one of the city's most exclusive",Some of the homes hardest hit by Sunday night's tornado are in the most exclusive neighborhoods in Dallas.
N55248,sports,football_ncaa,Dallas-Fort Worth football teams undefeated through Week 8 of the 2019 season,"Here's a look at all the schools in DFW that are still undefeated through Week 8. If you don't see your school, please email us at bgosset@star-telegram.com. Allen Argyle Dallas Christian Decatur Denton Ryan DeSoto Duncanville Frisco Lone Star Gainesville Grandview Muenster Sacred Heart Nolan Catholic Pottsboro Southlake Carroll Sunnyvale"
N7771,lifestyle,voices,I Quit Instagram For Three Months to Heal My Idiot Brain,*Screams/sobs* Hello from the other siiiiiiide.
N30781,autos,autosenthusiasts,Lowriders in Vegas! See Lowrider Photos From the 2019 Las Vegas Super Show,"The 2019 show proved to be a successful one, and as we plan for something bigger and better in 2020, you can be rest assured that we've learned from our mistakes and are ready to make up for lost time."
N31552,lifestyle,shop-holidays,The Best Pre-Black Friday and Cyber Monday Deals of 2019,We can't believe what we're seeing either.
N30344,lifestyle,lifestylebuzz,Snakehead fish that survives on land was discovered in Georgia. Officials want it dead,An invasive fish species that can breathe air and survive on land has been found in Georgia for the first time. And officials are warning anyone who comes into contact with the species to kill it immediately.
N19490,entertainment,entertainment-celebrity,"Louisville's own Jennifer Lawrence ties the knot in a private ceremony, reports say","Louisville's Oscar-winning actress Jennifer Lawrence and New York City gallery director Cooke Maroney said ""I do"" in a small ceremony this weekend."
N48774,lifestyle,lifestylehomeandgarden,How to Downsize Your Home: 12 Easy Tips,"Whether it's a personal move or helping a parent move to a smaller home, trying to downsize is a frustrating task. Deciding what to keep and what has to go is agonizing but with the proper planning and some helpful ideas the process can go smoothly. Take a look at these 12 ways to downsize."
N39751,foodanddrink,foodnews,Costco Is Going To Start Selling The Better Than Beef Burger,"First Burger King, now Costco, next THE WORLD."
N17108,finance,financenews,Governor Gavin Newsom calls for investigation into California gas prices,
N28035,news,newspolitics,"Gabbard, in defiant video, links Clinton 'smears' to her previous Sanders endorsement","Speaking directly to the camera in a video message posted on social media on Sunday, 2020 presidential candidate Tulsi Gabbard suggested that Hillary Clinton recently ""smeared"" her as a ""Russian asset"" as payback for Gabbard's defiance of the party establishment in 2016."
N49198,lifestyle,lifestyledidyouknow,These Are The Oldest Universities In America,Do you know what the country's very first college was called?
N28442,finance,finance-career-education,20 job hunting tips for baby boomers,Here is advice that will help you put your best foot forward and start the last act of your working life successfully.
N62084,news,newspolitics,House Republicans try to force a vote on censuring Adam Schiff,"Rep. Andy Biggs, R-Ariz., on Wednesday took steps to try to force a vote on his motion to condemn and censure House Intelligence Committee Chairman Adam Schiff, D-Calif., for his ""egregiously false and fabricated"" reading of President Trump's July phone call with Ukrainian leader Volodymyr Zelensky during a hearing last month."
N5754,health,voices,I Brushed My Teeth With Charcoal For 7 Days: Here's What My Mouth Looked Like By The End,"I had heard about how brushing your teeth with activated charcoal is supposed to help whiten and remove stains, so I thought, why not try it?"
N60941,foodanddrink,videos,17 Things You Didn't Know Mayonnaise Could Do,"Mayonnaise is a controversial condiment; however, it can be really useful. From removing table rings to killing lice, here are a ton ways mayonnaise can improve your cooking and your household."
N19262,sports,basketball_nba,Suns Tuesdays: Mark Bryant grinding; Monty Williams right coach; Booker vs. Beverley; Josh Jackson in G-League,"Our Suns Tuesdays column launches with assistant Mark Bryant's coaching style, Devin Booker vs. Patrick Beverley and Josh Jackson in G-League."
N20723,music,musicvideos,Jennifer Lopez Shares BEAUTIFUL Pics With Alex Rodriguez At Their Elegant Engagement Party!,JLo and ARod celebrated their upcoming nuptials with family and friends over the weekend and shared the sweet moments on Instagram.
N35774,foodanddrink,videos,What Is That White Stuff in My Raw Chicken?,We talked to a pro to find out everything you need to know about those tough white pieces in your chicken.
N43916,foodanddrink,restaurantsandnews,18 celebrity restaurants that failed,"Opening a restaurant is relatively easy, the hard part comes from creating one that will have lasting appeal. From Steven Spielberg's submarine-themed joint to Gordon Ramsay's posh Mayfair sushi spot, here are the celebrity restaurants that didn't stand the test of time."
N20513,foodanddrink,recipes,Our 73 Best Pie Recipes of All Time,"Let's be real: Pie is definitely, objectively, without question, the greatest dessert on any dessert table. There's the flaky, rich crust; the thick, flavorful filling; and the triumphant topping, whether it be a shiny double crust or intricate lattice top or butter-smooth meringue or crispy crumble. Pie's also good all year round, able to harness summer's juiciest peaches, autumn's sweetest, crunchiest apples, and all of the nuts and custards..."
N8798,health,wellness,17 Reasons Why Your Breath Smells Bad,"Eating garlic and a lax teeth-brushing routine aren't the only causes of bad breath. Here are 17 common causes of halitosis, and how to freshen up from each."
N10376,health,medical,"Meet SCAD, a Major Cause of Heart Attacks in Women 50 and Under",It stands for spontaneous coronary artery dissection.
N24868,health,weightloss,Watch: Man Shares Time-Lapse Video of Six-Month Weight-Loss Journey,"We're big fans of weight-loss stories, but we usually only get to see the before and after photos. Very rarely do we get to see someone's physique transform right before our very eyes."
N7951,news,newsworld,"British police investigating truck deaths arrest 2 more, driver still in custody",Two more people   a man and a woman   were arrested Friday as part of the investigation into the gruesome deaths of 39 people inside the back of a semi-truck in southeastern England.
N60467,video,animals,Puppy adorably escapes pen to join doggy friends,Watch this puppy make a hilarious escape from her pen. So cute!
N58332,entertainment,celebrity,"From cat names to fruit, here are 11 bizarre things celebrities have tried to trademark","From Taylor Swift to Kylie Jenner, a lot of stars have tried to trademark things like commonly used terms, song lyrics, and signature catchphrases."
N18885,sports,football_nfl,The Drive: Can Michael Dickson fulfill the hype?,
N21041,movies,movievideo,Trailer - Midway,Trailer 2
N16032,health,weightloss,"If You Have a Slow Metabolism, Here Are 5 Doctor-Approved Ways to Burn Belly Fat","If you have a slow metabolism, trying to lose belly fat can be disheartening to say the least. The good news? You can do this."
N21936,lifestyle,lifestylehomeandgarden,80 Old Items Fantastically Fit for Repurposing,"Old milk jugs and pool noodles are standard materials for repurposing, but check out what you can do with items like books and gutters."
N27822,news,newsus,"The plan to close Rikers Island, explained","The review process is at a crucial juncture, here's what you need to know"
N44133,foodanddrink,newstrends,Chicago's First Krispy Kreme in 14 Years Opens Today,The shop offers fried treats and a new look in the Loop's Block 37 pedway
N61079,lifestyle,lifestylesmartliving,29 Elf on the Shelf Ideas Your Child Will Find Truly Magical,Make every morning till Christmas more fun than the last!
N55625,lifestyle,lifestylebuzz,"Child falls from 9th floor balcony in White Oak, Maryland, officials say","A child has fallen from a ninth-floor balcony in White Oak, Maryland, officials said. Pete Piringer, the Montgomery County Fire and Rescue public information officer, said the child suffered a ""minor traumatic injury."" The child was originally transported as a priority one trauma after falling at the Château Apartments. RELATED: 2-year-old falls from 11th floor window of Maryland apartment building In September, a two-year-old fell from an 11th..."
N46832,health,causes,Tips for Getting a Mammogram,
N44959,lifestyle,lifestyledidyouknow,Tour the abandoned Outlaw House with an FBI connection,"The home of a billionaire business mogul and a rumored FBI agent, there's more to this abandoned house in Mobile, Alabama, than meets the eye. Captured by intrepid photographer Leland Kent of Abandoned Southeast, step inside and unravel this curious tale for yourself..."
N17286,sports,baseball_mlb,Here's what history says about Astros' chances of World Series comeback against Nationals,"According to MLB.com, teams that have gone down 0-2 at home in the 2-3-2 format have won the World Series three of 25 times. Game 3 at Nats is Friday."
N56461,finance,finance-taxes,President Trump's trillion-dollar hit to homeowners,"People should consider one of the largely unexamined effects of the last tax bill, which Trump promised would help the middle class: Would you believe it has inflicted a trillion dollars of damage on homeowners?"
N7362,autos,autosnews,This Might Be the 2020 Land Rover Defender,A picture that appears to show Land Rover's highly anticipated new off-roader on the set of the new James Bond movie just showed up on Instagram.
N51425,autos,autosbuying,Here's how to take over an auto lease,Here's how to get a lease takeover and some things to consider before you do.
N20743,lifestyle,lifestylesmartliving,10 Things Women Need To Stop Feeling So Guilty About,"Before you start feeling guilty, remember these things."
N21383,health,medical,Doctors Want FDA To Warn Women About Cheese And Breast Cancer Link,"Up to 12,000 members of Physicians Committee for Responsible Medicine agreed that the federal government should add label to cheese products that would warn women about the risk of having breast cancer."
N30012,travel,traveltripideas,The best fall day trip in every state,A day trip in the fall is a great way to experience the views and fun activities the season has to offer without going too far from home.
N38397,lifestyle,lifestyleroyals,50 Incredible Photos of the Swedish Royal Family Through the Years,Nearly eight decades of pictures prove these royals have always valued family time.
N33942,autos,autosenthusiasts,Exploring Chevy's First Big-Block in an Idaho Junkyard,"Steve Magnante discovers a rare 1960 Impala with a factory four-on-the-floor and 348 big-block, and explores a 348 four-barrel Parkwood station wagon."
N56840,lifestyle,shop-all,Ultra-Luxe Bridal Shower Hostess Gift Ideas,We're taking traditional 'thank you' gifting to the next level.
N10122,entertainment,gaming,These are the best o' the best PC games available today,"In many regards, PC gamers have it better than their console counterparts. One reason why is the sheer breadth of titles available, but this can make it difficult to keep up with the best titles on the platform. We're here to help you out with a shortlist of PC games you need to play   both new and old. Even though it's a few years old (and frankly an obvious choice), The Witcher 3 remains our top pick. Best Overall: The Witcher 3 This choice..."
N50158,travel,traveltripideas,"Crockett Row adds 2 bar-restaurants, but also hooks a big one: Dallas' The Blue Fish","FORT WORTH -- Here's the new math at Crockett Row after last week's shakeup: One very good restaurant was subtracted. Two more bars were added. But another very good restaurant and bar is coming soon. The Blue Fish, a Greenville Avenue landmark for 20 years, will open its seventh location on Crockett Row The sushi-sake-martini bar will open at 2932 Crockett St., in the space that was ..."
N1586,entertainment,entertainment-books,"Ann Patchett spins a dark, compelling fairy tale in The Dutch House",The Dutch House review: Ann Patchett spins a dark fairy tale
N32006,foodanddrink,recipes,17 Easy Fall Slow-Cooker Recipes That Taste Like Autumn,You can even prep these and freeze them for later!
N9900,health,nutrition,32 Best Good-Mood Foods,There are plenty of foods with proven mood-boosting benefits that can help you get happier and healthier with every bite.
N46688,health,nutrition,'Souping': Should you try it?,Regularly eating soup is comforting and filling might help you shed some unwanted pounds.
N6536,foodanddrink,newstrends,The Best Dishes the Eater Boston Team Ate This Week,We're sharing some of our current favorite dishes with you every Friday
N24153,travel,travelarticle,"The Long, Hard Road: Find all of our stories in the yearlong series here","The Long, Hard Road, series tells the stories of people who live, work and struggle along 80 miles in the heart of Greater Cincinnati."
N3570,video,news,Grandfather charged in fatal child's fall,An 18-month-old girl died after falling from a window on a Royal Caribbean cruise ship. The child's grandfather has been charged with negligent homicide in her death.
N7182,travel,travelarticle,5 ways to enjoy your week in Nashville,"Looking for fun, entertaining events and activities to check out in Nashville this week? Here are top picks with dates, times, locations and ticket links."
N50742,health,health-news,This Bride Got a Wedding Redo After Losing 100 Pounds,Cherie Judd's weight loss journey started as she dreamed of her perfect wedding after her boyfriend proposed.
N25631,health,weightloss,Grocery delivery man who tipped the scales at 520 lbs loses a whopping 300 LBS by buying the same food as his fitter customers - and carrying their bags up flights of stairs,"Antonio Martinez weighed over 500 lbs. and had a high-fat fast food habit. When his wife wanted to start a family, he shook things up and got a job delivering groceries."
N19028,news,newspolitics,Former Trump advisor John Bolton's lawyers are in contact with impeachment probe panels,Lawyers for former national security adviser John Bolton have been in touch with officials working on House committees about possibly testifying.
N51601,lifestyle,lifestylepetsanimals,"21 adorable photos of dogs cuddling tigers, ducks, and other animals that prove they're not just man's best friend","From a leopard making friends with a dog in South Africa to a dog resting on a buffalo in Pakistan, see unlikely animal friendships around the world."
N38633,sports,racing,The Action Network: Early pick with best value for Kansas,"The Action Network specializes in providing sports betting insights/analytics and is a content partner with NASCAR. Check out more NASCAR betting analysis here. Last week we pegged Michael McDowell and his 100-1 odds as a soild bet to make before cars hit the track at Talladega. McDowell gave us a nice sweat, contending for a […]"
N11161,video,news,Bernie Sanders slams GOP for not standing up to Trump,"Sen. Bernie Sanders (I-VT) appeared on ""Jimmy Kimmel Live,"" where he shared his thoughts on the Republican's response to the impeachment inquiry into President Trump."
N47866,autos,autosnews,Mid-Engined Chevy Corvette Rear End Design Possibly Leaked,"As far as leaks go, this is a big one."
N45493,autos,autosnews,2021 BMW iNEXT Spied Looking Almost Production Ready,These two prototypes are very different than the ones we've seen prior.
N32907,health,healthagingwell,"Now That I'm Over 50, I'm Finally Sucking It Up And Getting In Shape","When my health insurance plan offered a free membership at the fitness center of my choice, how could I refuse?"
N17602,health,mentalhealth,How To Reach Out If Your Friend Is Struggling With Their Mental Health,Reaching out to check in on someone who struggles with their mental health might feel awkward at first   and that's OK.
N65225,sports,racing,"What channel is NASCAR on today? Time, TV schedule for Kansas race","Sunday's NASCAR race returns to NBC as the TV channel, and the start time for the race at Kansas is 2:30 p.m. ET. Here is how to watch today's NASCAR race at Kansas."
N49505,tv,tvnews,All the Things You Didn't Know About 'The Crown',"Claire Foy worried that joining the show was ""the worst mistake"" of her life."
N57991,lifestyle,lifestylebuzz,The Problematic Politics Of Style And Gender Identity In The Workplace,"Queer. Black. Woman. Nonbinary. Masculine. Feminine. Those are all parts of myself that I've embodied throughout my life but could never fully grasp at once. Most of the time, they felt like pieces that I should pick up, put down, shift, express or hide in order to show up as a version of myself that people around me could easily digest. It took me years to come out as queer to my strict, religious, Haitian mother out of fear of rejection. I..."
N45908,news,newsscienceandtechnology,Exclusive: our favorite All-Clad cookware is up to 70% off right now,Plus free shipping during this exclusive Cookware Week sale.
N54975,sports,baseball_mlb,"Iowa native, veteran MLB umpire Eric Cooper dead at 52",Iowa native Eric Cooper was on the field for some big baseball moments during his umpiring career.
N42669,movies,movievideo,Trailer - Terminator: Dark Fate,Trailer 3
N58551,health,video,Texas man loses over 200 pounds to become a deputy,Deputy Chad Dodge details his weight loss journey that made his law enforcement dreams come true on 'Fox & Friends.'
N54064,foodanddrink,restaurantsandnews,15 of the Most Unique Restaurants Around the World,"At these quirky restaurants, people come for the atmosphere and stay for the food."
N46428,finance,finance-billstopay,Nearly half of millennials have been in debt for their pet,Have you gone into debt for a pet?
N4021,lifestyle,lifestyledidyouknow,9 Amazing Transgender Women Who Changed History,
N59255,movies,movievideo,Trailer - Greener Grass,Official Trailer
N17430,finance,finance-companies,Volkswagen postpones final decision on Turkey plant,Volkswagen postpones final decision on Turkey plant: spokesman
N25604,sports,basketball_nba,Warriors' Russell ejected for going after official,D'Angelo Russell is not having the best start to the new phase of his career with the Golden State Warriors.
N63270,travel,travelnews,"National Weather Service To Visit Madison, NJ","The National Weather Service is set to visit Madison, New Jersey, on Saturday to determine if a tornado touched down."
N59271,weather,weathertopstories,"Large tree falls, blocks at least two roads during morning commute","Update at 8 a.m.: Power has been restored to the Cross Mill area. Carson Street is still closed. Sign up for our Newsletters Previous story: A large tree fell early Wednesday, causing power outages and blocking at least two roads in McDowell County, North Carolina. Carson Street in Marion is closed from W. Cross Street to Blue Ridge Street until further notice. Murray Street is blocked off to drivers because the tree knocked down power lines,..."
N59418,health,health-news,"Women's mental health improves after giving up alcohol, study finds",The growing use of alcohol among women has become a public health concern in recent years.
N34242,news,newsus,Pa. Game Commission Warns Hunters To Take Precautions Against Potentially Fatal EEE Virus,"With the potentially fatal virus EEE confirmed in multiple Pennsylvania counties, the Game Commission is advising hunters to take extra precautions."
N63651,lifestyle,lifestylelovesex,33 Things People May Say If They Want to Cheat,"We asked relationship experts for the common things people will say when they want to cheat (or already are). Ahead, find the spoken signs of cheating."
N37957,sports,football_nfl,"Broncos Film Study, part 1: The 'ugly' Joe Flacco on third down",Walk with us through these plays to find out what went wrong.
N33458,news,newspolitics,Former Top State Dept. Aide Tells Impeachment Investigators He Quit Over Ukraine,A former top aide to Secretary of State Mike Pompeo told Congress on Wednesday that he resigned amid mounting frustrations with the Trump administration's sidelining of career...
N18854,health,wellness,This Is Your Body On CBD,"If it seems like everyone's selling CBD (short for cannabidiol, a chemical compound from the cannabis plant), that's because they probably are. But most of these sources are unregulated."
N22033,lifestyle,lifestylebuzz,People Are So Excited About This Polka-Dotted Zebra Baby,"Everyone knows zebras have black and white stripes   at least, most of them do."
N61084,lifestyle,voices,I Rehomed My Dog And I Don't Regret It,"Rehoming a pet is one of the toughest decisions a family can make, but sometimes it's the best one."
N228,travel,travelnews,Stowaway Discovered in Couple's Carry-On Luggage,A British couple's trip to New York was almost derailed when airport security scans revealed a cat hidden inside their suitcase.
N12987,lifestyle,lifestyledidyouknow,9 Abandoned Mansions That Will Make Your Toes Curl,
N20818,autos,autosenthusiasts,The used Ford GTs are coming,
N31633,news,newspolitics,'ISIS is the biggest beneficiary': Graham lashes out at Trump over Syria withdrawal,Sen. Lindsey Graham (R-S.C.) describes President Trump's decision to pull American troops out of Syria as 'out of line' and 'dangerous.'
N4489,sports,baseball_mlb,David Ross might shake up the Cubs coaching staff. Who should he hire as bench coach?,"His former manager in Boston, John Farrell, is one possibility."
N12676,lifestyle,causes-green-living,Pollution around the world: 30 shocking photos,"While it's easy to become overwhelmed by stats and images about current pollution and trajectories for years to come, the intent of this article is not to instill fear. The intent is to be realistic, to learn from what is going on in the world, and to support one another in our collective efforts to change. Pollution knows no boundaries, so for the sake of future generations, let's err on the side of action and hope."
N42607,lifestyle,lifestylehoroscope,How Every Zodiac Sign Handles A Breakup,
N18012,news,newsworld,China says postal fees to rise after US complaint,"BEIJING (AP)   Fees paid by China to the United States and other countries to deliver packages will nearly triple through 2025 under an agreement by the global postal union following complaints by Washington, the Chinese post office said Tuesday."
N33521,health,nutrition,So you want to try intermittent fasting. Here's how to do it.,There are a few ways to practice intermittent fasting these are the most popular
N50208,foodanddrink,restaurantsandnews,75 Restaurants Where You Can Eat for Free on Your Birthday,"Celebrate your birthday with free entrees, gift certificates, and cake at popular restaurants all across America? Big name chains like Ponderosa, Applebee's, Culver's, and Denny's will help you mark the occasion with everything from pancakes to steak. Find out where you can score 3 free squares for nothing!"
N42908,sports,football_ncaa,"Tagovailoa, No. 1 Tide roll past No. 24 Texas A&M","Tagovailoa, No. 1 Tide roll past No. 24 Texas A&M"
N47966,travel,travelnews,Original Delta Airlines Flight Attendant Dies at 103,Sybil Peacock Harmon was a 24-year-old nursing school graduate when she was hired as one of Delta's first stewardesses in 1940.
N55337,sports,baseball_mlb,"As pitch-tipping paranoia lingers, Astros and Nationals will have their eyes on each other in World Series","Pitch-tipping has become a hot topic in the postseason this year and with the Astros reaching the World Series, suspicions will linger."
N5485,lifestyle,lifestylecleaningandorganizing,12 Shed Storage Ideas to Organize Your Space At Last,"Don't let your shed become disorganized or overrun with junk! Instead, turn it into a well-lit, useful space that has everything you need at hand. We'll show you how it's done with the best shed storage ideas and projects to finally use your shed to its full potential."
N39336,news,newsworld,Lebanon protests enter second week,"Protests in Lebanon entered a second week on Thursday with demonstrators blocking main roads in Beirut and other parts of the country, AFP correspondents and Lebanese media reported. Sparked on October 17 by a proposed tax on calls made through messaging apps, the protests have morphed into a cross-sectarian street mobilisation against a political system seen as corrupt and broken."
N33371,finance,finance-real-estate,Surprising reasons Florida has the best bargains on homes,"Plus, where to start your home search."
N16764,lifestyle,shop-apparel,The Best Beauty Tools of 2019,"From wrinkle-zapping laser devices to detangling paddle brushes, these are the best skin and hair tools of 2019."
N732,health,nutrition,105 Most Popular Sodas Ranked by How Toxic They Are,"From classics like Coke and A&W to cult favorites, we reveal which soda is worst for your health."
N31527,video,popculture,'Voice' fans love heartthrob who looks like 'combination of Tom Cruise and Christian Bale',"The Battles began on The Voice Monday, with a new set of mentors (Usher, Darius Rucker, Normani, and wil.i.am) and a new rule allowing coaches to save one contestant each from elimination. But before all that, there were a few more Blind Auditions, including one form Season 17's new heartthrob, Matthew McQueen. He may not be related to Steve McQueen, but he had undeniable star power -- with a pretty face and a pretty voice to match plus just the right about of darkness and edge. ""He kind of looks like a combination of Tom Cruise and Christian Bale. You're like a very handsome movie villain,"" John Legend told Matthew. ""Like a vampire. You could be in a vampire movie,"" said Kelly Clarkson, who seemed a little flustered as she called the 21-year-old indie-pop crooner ""so cool and sexy -- I mean, not in a weird way!"" Blake Shelton compared Matthew's modern-sounding vocals to that of another heartthrob, Shawn Mendes. So I guess music really was in Matthew's, um, blood. [insert/quote some tweets] Matthew's cover artist-of-the-moment's Lewis Capaldi's weeper ""Someone You Loved"" was haunting, and not just because he looked like Lestat while singing it. I was impressed by his sense of dynamics, the way he started soft and subtle and built the song to its anguished crescendo, instead of starting at full volume. It was a sophisticated and nuanced performance. ""You got better and better and you kept it classy, you kept it tasteful. When you get into that rasp -- like, whew,"" Kelly marveled. It seemed like Kelly might be on her way to a third victory by getting Matthew on her team, but unfortunately for her, Blake also turned around. He made a very good case, noting that three of his past six winners were not country singers, stating, ""It doesn't matter what lane your coach is in. It's what lane your coach can put you in."" Combine that with the fact that Grandma McQueen had dreamed that Blake would turn for Matthew, and it was a done deal. Now Blake might win again with another non-country artist. ""With his range and his pocket -- this guy is a threat to this entire competition,"" Blake proclaimed."
N14607,lifestyle,lifestylehoroscope,How Each Zodiac Sign Knows They've Found Their Soulmate,What are the signs that you've found 'the one'?
N48806,foodanddrink,tipsandtricks,The Best Canned Tomatoes: Which Brands Taste Superior?,"So long summer, hello canned tomato season."
N43467,news,newsus,Man dies following boating accident in Indiana reservoir,"MUNCIE, Ind. (AP)   A 71-year-old man has died following a boating accident in eastern Indiana. The Indiana Department of Natural Resources says Lenard Anderson was thrown Sunday morning from a boat he was operating after it collided with another vessel in Prairie Creek Reservoir, northeast of Indianapolis. Witnesses have told Indiana conservation officers that Anderson of Muncie may have suffered a medical emergency before the accident. He was..."
N50299,tv,tv-celebrity,Kelly Ripa responds to backlash over son in 'extreme poverty' joke,"Kelly RIpa is defending a joke she made about her son on ""Jimmy Kimmel Live!"""
N10220,video,viral,Boy With No Legs Goes Viral After Video of Him Skateboarding is Shared by Tony Hawk,This 10-year old is fearless. Buzz60's Tony Spitz has the details.
N1734,health,medical,20 Things You're Probably Doing That Nurses Wouldn't,Here are some common health mistakes nurses try NOT to make.
N20106,news,newsworld,"Remembering Rep. Elijah Cummings, Atatiana Jefferson: 5 things to know Thursday",Rep. Elijah Cummings to lie in state and Dallas pays final respects to Atatiana Jefferson. Here are 5 things to start your Thursday.
N57075,news,newsus,Matt Lauer accuser Brooke Nevils calls his response 'victim blaming',"Brooke Nevils stood her ground after bringing forward a new rape allegation against Matt Lauer, calling his response ""a case study in victim blaming."""
N21311,health,fitness,How This Guy Built Muscle and Got Shredded in His 40s on a Plant-Based Diet,"A former ""corporate paper-pusher,"" Ben Raue, 46, has transformed himself into a full-time online plant-based fitness coach."
N37736,sports,baseball_mlb,Carlos Correa took clever swipe at Yankees after ALCS victory,Carlos Correa can afford to talk a bit of smack now.
N62787,health,weightloss,Vinny Guadagnino Shows Crazy Abs   and Tan!   in New Keto Diet 'After' Pic,"The ""Jersey Shore"" star has dropped 50 pounds since starting his weight loss journey on the keto diet. And thanks to his dedication to a new fitness plan, he's flashing a lean, ripped physique."
N49363,sports,football_nfl,Report: Brown's grievance against Raiders hindered by text messages,Antonio Brown is hoping to recoup $30 million in guaranteed money from the Oakland Raiders via a grievance.
N20620,lifestyle,lifestyledidyouknow,Here's What Malls Looked Like Back in the '50s,"Believe it or not, there was a time before food courts existed."
N47287,news,newsus,Atlantic City to transfer power amid corruption - yet again,"For over a decade, things had been quiet in Atlantic City, the seaside gambling resort known as much for its colorful political corruption as for its slot machines and saltwater taffy."
N39535,news,newsworld,Today in History: November 3,
N21243,weather,weathertopstories,Maria Fire broke out minutes after utility company re-energized high-voltage power line,Southern California Edison says it turned power back on minutes before the Maria Fire erupted nearby in Ventura County
N38578,finance,finance-billstopay,How millennials are changing banking,How millennials changed banking
N47123,travel,traveltripideas,It's Always Summer on These 25 Secret Islands,The warm vibes never wane on these lesser-known isles.
N12638,weather,weathertopstories,Rains bring floods to parts of Western Washington,"Flooded rivers are causing problems across parts of Western Washington, and flooding is expected to continue in some low-lying areas into Wednesday. The National Weather Service's Seattle office said heavy rains this week had tapered off and most of the area's rivers crested Tuesday and receded below flood stage."
N54623,news,newsbusiness,Microsoft Tops Estimates as Azure Reports 59% Jump in Revenue,The software giant beat analyst estimates on both the top and bottom lines.
N42227,lifestyle,lifestyleroyals,Queen Elizabeth's Favorite Beauty Products Have Stood the Test of Time,"Here, all the brands the British monarch swears by."
N43966,news,newsus,Michael Douglas Shares His and Catherine Zeta-Jones' First-Time Grandparent Nicknames,"Michael Douglas reveals the nicknames he and his wife, Catherine Zeta-Jones, chose as first-time grandparents and how his dad, Kurt, is still flirting at 102 years old."
N49375,health,nutrition,Is Lemon Water Healthy?,Is lemon water really as healthy as people claim it to be? We ask an expert if lemon water is truly the key to achieving optimal health.
N58574,health,voices,I Was 24 & Had Just Scored My Dream Job In Fashion. Then An Accident In The Hamptons Changed Everything.,"One in four adults in the U.S. are living with a disability, but you wouldn't know it given the lack of representation in media, Hollywood, and the workforce. We're shedding light on the real stories   not the caricatures   of this dynamic and vibrant community of individuals. Read more stories from our Voices of Disability series. By the time I was 24, I was living a life that felt like a dream. I was pursuing a career in the fashion industry,..."
N6950,health,nutrition,I Overate at Dinner Until I Started Doing This 1 Simple Thing on Sundays (It Takes 10 Minutes!),Another reason Sunday is the best day to meal prep.
N7716,lifestyle,lifestyleroyals,What Do Prince George & Princess Charlotte Know About Their Royal Roles?,Do Prince William and Kate Middleton's kids know about their royal roles?
N32749,travel,travelarticle,Houstonian (and Boondock Saint) Sean Patrick Flanery comes home for Fandemic,"Sean Patrick Flanery doesn't like bad shows of any sort. He says as much. ""I love a good (expletive) concert,"" the actor says. ""A bad concert, don't waste my time. Theater, same thing. I like a good stage play. A bad one? Get me the (expletive) out of there. But Johnny Mac…. We met years ago and his was the first convention I'd been to that felt like a party. And I love that (expletive). I respect and admire it."" Johnny Mac is John Macaluso, a..."
N44066,news,newsus,A modern family: 20-plus sperm donor siblings find each other,"When we're all in a group together, you definitely feel like you're with your people, Ryan Kramer said."
N6191,finance,finance-real-estate,Home prices rise at slow pace for second straight month,"U.S. home prices increased modestly in August, a trend that could make home buying affordable for more Americans."
N56558,news,newsworld,Clashing Protestors Get Heated Over Confederate Memorial,"Police had to break up protestors clashing with each other over a Confederate memorial outside the historic Pittsboro courthouse. More than 200 people showed up Saturday from several groups including Democratic Socialists of America, Hillsborough Progressives Taking Action, NC Raise Up, and CSA II: The New Confederate States Of America. Pittsboro Police and the Chatham County Sheriff's Office were on scene and had to physically separate the..."
N42524,autos,autosmotorcycles,The 2020 Ducati Multistrada 1260 S Grand Tour Is Ready For Anything,Your new home away from home is here.
N43138,health,weightloss,How This Former Football Player Dropped 60 Pounds While Maintaining Muscle,"Brian Hendriks had always been a bigger guy, playing center for the London Blitz football team. But a bleed in his brain stem kept him out of the gym for a long time, and the pounds piled up."
N41257,finance,finance-companies,Secrets of the world's richest company of all time,"As powerful as a nation state, the Dutch East India Company sent almost a million Europeans to Asia on more than 4,700 ships and dominated global trade for almost two centuries, handling a whopping 2.5 million tons of goods. The grandfather of the modern-day corporation, the company was the first to undertake an IPO, trade transnationally and become a globally recognized brand."
N7403,news,newscrime,Man taken into custody after SWAT situation at large Milton home,SWAT teams surrounded a home in Milton Wednesday and took a man into custody.
N61727,autos,autosresearchguides,Treat Yourself: 16 Cars That Are Worth the Splurge,See some of the best luxury sedans and more entry-level buys.
N19103,autos,autosenthusiasts,Cooling a Mighty Big-Block Chevy is Easier Than You Think,"We upgrade the cooling system in our big-block powered 1967 Camaro using a Frostbite aluminum radiator, dual SPAL electric fans, and a Weiand water pump."
N39843,sports,golf,Matsuyama (65) ties for third in Skins tune-up; Day T-31,Hideki Matsuyama will enter Monday's Challenge: Japan Skins on a high note while Jason Day will not.
N48320,sports,football_nfl_videos,Denver Broncos quarterback Joe Flacco voices frustration after loss to Colts,Denver Broncos quarterback Joe Flacco voices frustration after loss.
N40684,news,newsopinion,How Libertarianism Makes People Susceptible To Huge Government,"In the end, the freedom to abandon family, faith, and community is the freedom to be insecure, insignificant, and alone before the Leviathan of government."
N22256,lifestyle,lifestylebuzz,Toys 'R' Us Is (Almost) Back   With an 'Immersive' Play Experience,
N25041,foodanddrink,foodnews,"Taste test: The top store-bought chocolate chip cookies, ranked","Chocolate chip cookies are among the most delicious foods on earth, and we sampled 25 of the most popular supermarket brands."
N8182,news,newsus,Lori Loughlin faces moment of truth in college admissions scandal as daughters exit USC,"Felicity Huffman is now serving time behind bars. Other high-profile parents in the college admissions case have pleaded guilty. But so far, there is no indication from Lori Loughlin and her camp about whether she plans to fight the charges or join others and make a deal with prosecutors. On Monday, four parents changed their pleas to guilty, and USC announced that Loughlin's children   who prosecutors allege got into the school after cheating..."
N60933,lifestyle,lifestyleroyals,Meghan Markle Always Stands the Exact Same Way at Events and There's a Specific Reason Why,SH🔎🔎K
N2955,entertainment,entertainment-celebrity,Celebs who've been kicked off planes or sparked airport drama,The skies weren't too friendly when these stars were traveling.
N3870,news,newsus,"15-year-old killed in suspected DUI crash in Placer County, CHP says","A Carmichael man was arrested on suspicion of DUI after he crashed his car Tuesday night in Placer County, killing a 15-year-old passenger in his vehicle and injuring himself and a second passenger, the California Highway Patrol said. Mirwais Azimi, 21, who suffered major injuries in the crash, was arrested at a hospital. He is facing felony DUI and vehicular manslaughter charges, CHP said. Azimi was driving east on Foresthill Road near Deadwood..."
N29893,news,newspolitics,Trump scraps plan to host G-7 at his Doral golf resort,The White House says it has chosen President Donald Trump's golf resort in Miami as the site for next year's G-7 summit. The announcement comes as the president has accused Joe Biden's family of profiting from his time in public office. (Oct. 17)
N63734,news,newsus,Kansas City woman uses personal journey to help other victims of sex trafficking,"KANSAS CITY, Mo. -- According to the National Human Trafficking hotline, Missouri ranks 16th in the country for the number of human trafficking cases reported. A study by UMKC revealed there is an estimated 3,541 adult women sexually exploited in Kansas City. One local woman is writing about her experience and another local group is stepping up to help. ""Twenty-one years I was a victim of ..."
N52528,news,newsopinion,It's Time For The United States To Wage War On Mexican Drug Cartels,The slaughter of an American family in Mexico is the latest sign that violence in Mexico is out of control and the U.S. needs to step in.
N59449,autos,autosenthusiasts,"Abandoned Subaru Dealer Adds More Cars, Including An Audi 80",A few more Subarus also join the garage.
N12188,news,newsgoodnews,School bus driver encourages her riders to stay positive,"When Angel Woods climbs behind the wheel of the bus she drives for Madison City Schools, she expects her kids to be nice. And she has a few rules."
N18753,finance,markets,Is the World Economy Sliding Into First Recession Since 2009?,"The global economy is wobbling and whether it topples over is the big question in financial markets, executive suites and the corridors of power."
N45174,lifestyle,advice,Ask The Salty Waitress: The cashier is texting instead of ringing up my order,"Dear Salty, I was traveling this weekend on business and had a tight connection that meant I had to switch airport terminals. Between my two long flights, I barely had time to grab some food to tide me over. So with 5 minutes until my plane boards, I decided to grab a sandwich from a counter-service barbecue restaurant that had no line and barely anyone sitting at its tables. I figured it would be fastest, since there was no line."
N34240,sports,football_nfl,Patriots cut QB Cody Kessler in flurry of roster moves,They're down to 2 QBs.
N4303,tv,tvnews,'Blacklisted' Kathy Griffin Says No Regrets Over Lookalike Severed Trump Head,"Kathy Griffin says she has been ""blacklisted"" in Hollywood - but she still doesn't have any regrets."
N34233,news,factcheck,"Biden Says He Opposed Iraq War Effort 'Immediately,' Despite Multiple Public Remarks Supporting It","That moment it started, I came out against the war at that moment, Biden told National Public Radio."
N543,music,musicnews,The 'Man in Blue'? Sheriff donates Johnny Cash deputy photo,"NASHVILLE, Tenn. (AP)   A sheriff has presented the Johnny Cash Museum proof that the late musician who famously cultivated an image as an outlaw was in fact granted law enforcement authority decades ago. This week, Nashville Sheriff Daron Hall gave the museum a blown-up image of Cash's September 1979 deputy sheriff commission card. It was issued by then-Davidson County Sheriff Fate Thomas and features Cash's headshot, fingerprint and signature...."
N29745,autos,autossuvs,2021 Hyundai Tucson Spied With Less Camo To Reveal New Front Fascia,It appears the compact crossover will get a split headlight design.
N42994,finance,finance-companies,"Amazon is shipping expired baby formula and beef jerky, putting big brands at risk","Amazon's marketplace has become home to millions of sellers, making it hard for the company to prevent the sale of expired food."
N57131,lifestyle,lifestylebuzz,Newlyweds look on in horror as the table holding their three-tier wedding cake collapses and the $550 creation topples to the floor,Chloe and Aaron Bailey were forced to watch 'in slow motion' as the table collapsed underneath their cake when they went to cut it.
N28535,sports,more_sports,Watch: Michael Porter Jr. posts another strong performance,Michael Porter Jr. has played three preseason games and they have all been fantastic.
N44238,finance,finance-savemoney,20 sales tactics that trick you into spending,"For many, the activity of shopping is a stress-relieving dopamine kick that makes us feel temporarily happy with shiny new items. But little do we know that companies have spent decades studying the habits and behaviours of consumers, in the pursuit of parting us from our hard-earned money. Here are just 20 ways that brands keep us spending."
N62150,finance,financenews,Non-religious motives propel home schooling boom in Western North Carolina,"Home schooling, historically driven by religious motivations, now is being propelled for a variety of non-religious reasons in Western North Carolina"
N12612,video,viral,Funny Viral Videos Show Embarrassing Dad Running Next To Daughter's Train as she Heads to College,A funny father in England was filmed running next to his daughter's train as she left for college. Buzz60's Sean Dowling has more.
N59291,sports,football_ncaa,Dantonio scoffs at 'dumb--- question' about Michigan State's offensive staff,Michigan State football coach Mark Dantonio took exception with a question about his offensive staff after MSU's 38-0 loss to Wisconsin.
N32227,travel,travelarticle,"Should you move to Washington, D.C.?",Maybe!
N34645,autos,autossuvs,12 Best SUV Lease Deals for October,Appealing Monthly Payments on Excellent SUVs This October
N51027,sports,more_sports,"Chiefs final injury report vs. Broncos: Sammy Watkins ruled out, Bashaud Breeland questionable","Watkins will miss his second straight game, while Breeland is questionable to go with a non-injury related designation."
N24866,news,newsus,The migrant caravans: She misses home and prays not to be sent back,"USA-IMMIGRATION/PROFILES-FORT WORTH (PIX, TV):The migrant caravans: She misses home and prays not to be sent back"
N19552,sports,baseball_mlb,"2 years ago, the Astros won an insane Game 5 against the Dodgers in the World Series","The date October 29 doesn't mean much to Astros fans   but it probably should. *knocks on wood* With a win Tuesday night over the Nationals, Oct. 29, 2019 will be the day the Astros won their second title in three seasons. So it's only fitting that exactly two years ago, on Oct. 29, 2017, the Astros survived arguably the wildest game in World Series history to set themselves up for their first championship. Click through the gallery above to..."
N18760,health,wellness,30 Healthy Habits Fit People Live By,"The habits you choose to do every day add up, and they can either get you closer to your goals or push you further away from them."
N18819,travel,traveltripideas,Old Saybrook   Katharine Hepburn's paradise of art and nature,"Hollywood great Katharine Hepburn's lifelong love of Old Saybrook, Connecticut, and her home in the town's private community of Fenwick, right on Long Island Sound, is well-documented: In her 1991 autobiography, ""Me: Stories of My Life,"" Hepburn declared: ""To me it is -- well, as I said -- paradise."" It was here she summered as a child with her beloved family, here she returned throughout her ..."
N13225,travel,traveltripideas,5 Reasons Destin Is a Great Family Vacation Destination,The calm emerald waters and family-friendly attractions of the area make Destin a top spot for a fall or winter getaway.
N24427,autos,autosnews,2020 Land Rover Defender Caught Making Final 'Ring Rounds,Isn't that The Stig behind the wheel?
N60739,foodanddrink,tipsandtricks,Chefs Reveal the 14 Unexpected Items That Taste Better Refrigerated,"You probably don't have potato chips or chocolate chip cookies in your fridge at home, but these chefs do. Here's why."
N24132,entertainment,gaming,The PC gaming moments which have most wowed us in the last 30 years,From space dogfights in X-Wing to contemporary battle royale goodness
N52800,sports,basketball_nba,Blazers coach Terry Stotts backs Daryl Morey over Hong Kong tweet,"People within the NBA community are slowly starting to back Daryl Morey after the Houston Rockets general manager started a firestorm by tweeting about the protests in Hong Kong, and Portland Trail Blazers head coach Terry Stotts is among those who supports Morey's point of view."
N49981,sports,football_nfl_videos,Can't-Miss Play: Marquez Valdes-Scantling torches Raiders' D for 74-yard TD catch and run,Green Bay Packers wide receiver Marquez Valdes-Scantling with a 74-yard touchdown catch from quarterback Aaron Rodgers.
N7748,sports,football_nfl,"Bengals notebook: Cordy Glenn's return, Carlos Dunlap 'day to day'",Preparation for the Bengals' date with the reigning NFC champions continues.
N46662,sports,football_nfl,NFL Cheerleaders,NFL Cheerleaders
N39718,autos,autosenthusiasts,"The ""$100,000 Engine"" in Johnny Tran's S2000 Was Really Only Worth $8000","That $100,000 engine was one of many things the film exaggerated to pull off the Race Wars scene in The Fast and the Furious."
N58637,autos,autosbuying,12 Best Car Deals This October,Save Money with One of October's Best Car Deals
N7368,sports,football_nfl,Vince Young to Marcus Mariota: 'When you get the starting position back don't give it back!!',Former Titans quarterback Vince Young sent an encouraging message to Marcus Mariota on Twitter Wednesday.
N54624,weather,weathertopstories,Kincade Fire: Latest on the Sonoma County Wildfires,Residents of the Northern California county were forced to evacuate as the rapidly burning Kincade Fire fanned southwards
N62418,autos,autosnews,The best free PC optimization software 2019: speed up your PC quickly and easily,Free PC optimization software for noticeably faster performance without a hardware upgrade.
N29621,autos,autosenthusiasts,Ferrari F8 Spider Looks Right At Home At High-End London Dealer,The latest Ferrari becomes a London Celebrity.
N61483,lifestyle,lifestyleparenting,12 Photos Show What It's Really Like To Grow Up Trans,
N4295,foodanddrink,tipsandtricks,17 Secret Waiter Tricks That Diners Never Notice,You won't believe some of these sneaky secret waiter tricks!
N20148,sports,soccer,"No goals, no fans, no TV: Koreas draw 0-0 in blacked-out World Cup qualifier","North and South Korea drew 0-0 in a historic but surreal World Cup qualifier on Tuesday, played in front of FIFA president Gianni Infantino but an otherwise empty stadium and almost completely blocked off from the outside world."
N64278,sports,basketball_ncaa,Should Kentucky basketball be worried about EJ Montgomery's preseason play?,"With Nick Richards battling a sprained ankle, the pressure is on EJ Montgomery take a step forward from a middling preseason performance."
N43092,health,health-news,46-Year-Old Woman Gives Birth a Day After Finding Out She's Pregnant,Monica Thompson had been trying to conceive for 16 years.
N7180,news,newscrime,Police investigating deadly shooting on West Side,"One person has died after an early morning shooting on the West Side. Police responded to the 1600 block of northwest 19th Street just before 8 a.m. Tuesday for a man shot after trying to pick up his stepson from a residence. FIND OUT FIRST: Get San Antonio breaking news directly to your inbox San Antonio Police Chief William McManus said a 51-year-old man arrived at the residence to get his stepson, who is dating the daughter of the couple who..."
N58210,sports,football_nfl,The question after Sunday's 27-17 loss: When will the win come for the Cincinnati Bengals?,Bengals quarterback Andy Dalton intercepted on three straight drives in the fourth quarter to seal the loss.
N20588,lifestyle,lifestylehoroscope,"Your Most Toxic Personality Trait, Based on Your Myers Briggs Type","Here's how to know which aspects of your behavior might err on the side of toxic, based on your Myers-Briggs personality type."
N59137,sports,football_nfl,Panthers' Mario Addison to miss game while mourning brother's death,
N41212,video,viral,Diver defends himself from attack by great white shark,Joe Petrovich was spearfishing with friends off Perth in Australia when they swam into the path of a great white shark. The encounter lasted about 9 minutes during which Joe was forced to defend himself from an attack by the shark.
N40642,foodanddrink,tipsandtricks,Pasta Water: Here's Why Rachael Swears By This Ingredient,Pasta water is a key component of all of Rach's sauces   and here's why.
N58730,foodanddrink,restaurantsandnews,Some of the Best Tacos in Texas Hill Country Are on a Sleepy Road Outside San Antonio,"Nora's Tacos is worth the drive to Sabinal (population: 1,696)."
N64130,sports,outdoors,ON THE GUN: Browning X-Bolt Max Long Range,"Browning's new X-Bolt Max Long Range checks all the boxes for an affordable, long-range hunting rig: it's super accurate, runs flawlessly, it's heavy but still handy, and it costs just a little more than $1,000."
N21526,travel,traveltripideas,6 hotels with incredible design from above   and how to get your own personal bird's-eye view,Jaws drop as Soneva Jani comes into view from the windows of the resort's private seaplane.
N54783,autos,autosnews,"Semi truck driver swerves to miss deer, crashed on I-40","Early Thursday morning on October 10, a semi truck driver said he crashed into the median of Interstate 40 at Lee Creek because of a deer. Arkansas State Police were called to the scene before 4:00 a.m. near Lee Creek on I-40. The driver told the trooper he swerved to miss a deer and went into the median. At the scene our cameras found the truck's front end in the tree line while the main cab and trailer were down a few meters along the..."
N36390,sports,football_ncaa,"UH redshirt tracker: Who's sitting so far, others on way","By now, Houston coach Dana Holgorsen has a good idea which players will redshirt this season. Some of that could change over the final four games, depending on injuries, but for the most part the picture has become clear which players will redshirt this season. A few like D'Eriq King, Keith Corbin and Mulbah Car, all seniors, were not expected when the season began (although Holgorsen did warn that everything was ""on the table""). Some like..."
N44573,news,newsscienceandtechnology,Dayton airport doubles number of charter passengers since 2015,"The Dayton International Airport, while seeing fewer passengers on commercial flights over the last decade, has seen a jump in passengers taking charter flights."
N13693,news,newspolitics,Top Defense Republican: Trump's Vivid Statement On Baghdadi 'A Little Uncomfortable',"Rep. Mac Thornberry (R-Texas) expressed unease with President Donald Trump's graphic description of a U.S. military raid that resulted in the death of so-called Islamic State leader Abu Bakr al-Baghdadi, who Trump said was ""whimpering and crying and screaming"" before detonating a suicide vest that killed himself and three of his children Saturday. Thornberry, the ranking member of the House Armed Services Committee, suggested on Sunday that he..."
N10398,health,health-news,Even 2 Minutes of Exercise a Week May Lessen Risk of Dementia,"According to the Department of Health and Human Services, most healthy adults should get at least 150 minutes of moderate aerobic exercise or 75 minutes of vigorous aerobic exercise a week."
N25127,lifestyle,lifestylehoroscope,"The One-Word Mantra You Need This Thanksgiving, Based on Your Zodiac Sign",Tensions can run high when families come together round the table. Here the mantra you need to help you make it to pumpkin pie.
N13712,health,weightloss,Weight-Loss Tips That Work From a Viewer Who Lost 250 Pounds,Annamarie is now down to a size 6. And she's sharing her top three tips for weight loss.
N52293,tv,tv-gallery,14 action-packed shows that deserve a spot on your must-watch list,Action-packed TV shows that deserve a spot on your must-watch list
N43677,music,music-celebrity,"Cody Simpson gushes over Miley Cyrus: 'We are very, very happy'",Cody Simpson confirms that he and Miley are together while praising her.
N43465,travel,travelarticle,"New River Rock Bar & Grille now hiring, gearing up to open along Great Miami",A new and locally owned restaurant and bar called the River Rock Bar & Grille is in the works overlooking the Great Miami River in Piqua.
N30194,travel,travelnews,Newark Airport's New Terminal Project Passes Major Milestone,"NEWARK, N.J. (WCBS 880/AP) -- A multibillion project to replace one of Newark Liberty International Airport's three terminals passed a major milestone on Wednesday. As WBCS 880's Peter Haskell reports, steelworkers raised the final steel beam for the exterior of the airport's Terminal A - renamed Terminal 1 - as New Jersey Gov. Phil Murphy and other officials watched. ...listen to the audio... Port Authority Chairman Kevin O'Toole says the new 1..."
N27667,sports,football_nfl,Patriots will be down a tight end vs. Ravens,"Tight end continues to be an issue for the Patriots this season. Matt LaCosse (knee) has been downgraded to out for Sunday night's game against the Ravens. He practiced for the first time all week on a limited basis after missing the last several weeks entirely, but ultimately it wasn't enough to suit up for the game. The veteran suffered the injury against the Giants in Week 6. After releasing Eric Tomlinson earlier in the week, the team is..."
N3270,news,newsopinion,What Nixon's impeachment saga teaches us about Trump's,"Will Republicans ever get on board with impeaching and removing President Donald Trump from office? That's a question that we should be asking, given that Trump won't be removed unless a lot of Republican senators back such a move."
N53353,lifestyle,shop-all,The 15 Best CBD Vape Pens,"With multiple flavors, dosages, and types of pens to choose from, there's something on this list for you."
N36457,autos,autostrucks,2021 Ford F-150 Spied Towing A Trailer Over The Rocky Mountains,There could be an all-new V8 engine under the hood.
N8610,finance,finance-savemoney,7 Things That Prove Cheaper Isn't Always Better,These items can end up costing you more if you try to go the cheap route.
N35585,lifestyle,lifestylebuzz,"After months on the loose, an elusive emu has finally been spotted in North Carolina",An emu has been on the run in North Carolina for almost two months has finally been spotted by local officials and sequestered to one location.
N30965,news,newspolitics,Support drops for Medicare for All but increases for public option,"Support is dropping for Sen. Bernie Sanders' (I-Vt.) ""Medicare for All"" health care plan, according to a poll released Tuesday."
N59437,lifestyle,lifestyleroyals,Sweden's Princess Madeleine Reacts to Her Kids' Royal Titles Being Removed: 'I Think It's Good',Princess Madeleine Reacts to Her Kids' Royal Titles Being Removed
N1606,sports,football_nfl,Ten Thoughts on the NFL and the Bears,"1) The New Orleans Saints are not trading Teddy Bridgewater while having a legit Super Bowl contending team right now. He stepped in and kept their offense working when Drew Brees was injured and proved his worth to the franchise. Sure it wasn't Brees-esque, but it was winning football. Bridgewater is set to be a free agent after this season and I'd expect him to cash in with some legit starting QB money somewhere (maybe in Navy and Orange)...."
N4570,health,health-news,"Where to get a flu shot: Walmart, CVS, Walgreens and more","Yes, you really need it -- here's where to get it."
N37987,foodanddrink,tipsandtricks,14 Unexpected Items That These Chefs Never Refrigerate,"From butter to cheese, you probably have these foods in your fridge at home. Here's why that's not the best place for them."
N54012,foodanddrink,restaurantsandnews,Don't Miss These Under-the-Radar Restaurants in Every State,"In every state, there are beloved but little-known restaurants that serve up phenomenal food. Locals may not want to spread the word for fear of long lines, or maybe these spots are far from city centers   no matter why they're low-profile, they're worth finding. Here are under-the-radar eateries for you to discover."
N44438,sports,football_nfl,Ramsey promises Rams no holdout,The Los Angeles Rams' blockbuster acquisition of Jalen Ramsey last week had a pretty big caveat but following the 2020 season he could hold out.
N40813,sports,baseball_mlb_videos,Steve Phillips Previews Game 6 of the World Series,The Nationals will look to force a Game 7 of the World Series when they face Justin Verlander and the Astros in Game 6 on Tuesday. MLB Insider Steve Phillips joins the show to discuss the matchup.
N47357,lifestyle,lifestylecareer,These 13 Women Battled Workplace Discrimination   and Won,"These women handled situations differently, but all succeeded."
N9138,sports,baseball_mlb,Aaron Judge will want that one back,Aaron Judge is pretty far down the list of people to blame for the Yankees losing the ALCS to the Astros in six games. Edwin Encarnacion forgot how to hit; Brian Cashman forgot how to make a brazen trade for a starting pitcher; the Astros are nearly the perfect team. But Judge made the type of mental mistake on Saturday night that's extremely easy to remember. With the Yankees ...
N4978,news,newsus,"Democratic debate, impeachment inquiry deadlines: 5 things to know Tuesday","The fourth Democratic debate will feature 12 candidates, subpoena deadlines in the Turmp impeachment inquiry arrive and more news to know Tuesday."
N2770,sports,racing,Clutch in the playoffs: Drivers who won in critical situations,"Since NASCAR instituted the elimination-style playoff format in 2014, we've seen several drivers elevate their abilities with everything on the line."
N3906,health,voices,I Tested Positive for the Alzheimer's Gene at Age 26,"A DNA testing kit is like a crystal ball, but what if you don't like what you see?"
N29824,finance,finance-savemoney,Grocery shopping mistakes you don't want to make,A trip to grocery store can be a psyops experience. Don't go unaware.
N14720,video,animals,Dog perplexed by stuffed animal lookalike,This cute dog gets totally confused with a stuffed animal that looks exactly like it. Too funny!
N21453,sports,football_nfl_videos,"NFL Power Rankings: Rodgers looks like a legit MVP, as the Eagles have serious problems.","Sports Pulse: The Bears continue to fall, as the quarterbacks on the Packers, Vikings and Colts shine."
N2336,sports,football_nfl,"Michael Bennett Sounds Off On Suspension, Trade Rumors, Role With Patriots",FOXBORO Mass. -- Michael Bennett addressed reporters for roughly three minutes after Wednesday's New England Patriots practice the defensive end's first since the team suspended him one game following an
N34300,lifestyle,lifestylediy,23 Genius Home Improvement Projects You Can Do in an Hour (or Less!),These easy and affordable home improvement projects will transform your abode into something spectacular in 60 minutes or less.
N32180,news,newsus,Simsbury police chief recommends firing sergeant for 'malicious gossip' and 'lack of respect and truthfulness',"Simsbury police Chief Nicholas Boulter has recommended firing one of his sergeants, based on the sergeant's behavior during an internal investigation into his conduct. But the sergeant's lawyer is pushing back and says that the internal investigation itself was unjust because Boulter was both the investigator and the victim of the alleged misconduct. At a Tuesday evening police commission ..."
N51363,sports,football_nfl,Trying to talk yourself into picking the Browns? Here are 3 things to consider,"BEREA, Ohio -- No one wants to hear about moral victories. Odell Beckham Jr. certainly didn't on Wednesday, a few days before the Browns took off for Massachusetts to take on the Patriots. ""We're not going to the Patriots to play a good game and pat ourselves on the back and come back to Cleveland and keep working,"" Beckham said. ""We're going down there to win, we're preparing to win, there's ..."
N1145,health,nutrition,"When trying to lose weight, morning meals are better than evening ones","As our understanding of nutrition has evolved, we've learned that eating earlier in the day can be more favorable for shedding pounds, while eating later can interfere with weight loss -- and for more than one reason."
N34544,movies,movievideo,Trailer - Bombshell,Trailer 1
N52876,news,newspolitics,Rep. Collins: House impeachment vote confirms everything Democrats are doing is wrong,Republican Rep. Doug Collins calls the upcoming House vote to formalize the Trump impeachment process a 'sham.'
N44940,autos,autosclassics,Garage Full of Rare Mopar Gold!,"Al Decarolis' New Jersey garage is packed with rare Mopar E- and B-Body Mopars, plus a few killer Bow Ties."
N57751,sports,baseball_mlb,Jose Altuve walk-off bomb off Aroldis Chapman ends Yankees season in 'failure',"HOUSTON -- Aaron Judge had to walk around the celebration that was forming on the infield. Jose Altuve had just crushed a two-run, walk-off home run off Yankees closer Aroldis Chapman for a 6-4 Astros win over the Yankees, clinching the American League Championship Series Saturday night. The young face of the Yankees franchise made the slow walk in from right field having to watch a ..."
N26634,sports,football_nfl,"Refs blow whistle early, cost Bucs late go-ahead TD in Titans win",
N19818,lifestyle,lifestyleroyals,When royals invite us inside their palatial homes   see photos,"See inside the stunning palaces, homes and gardens of various royal families around the world."
N32202,finance,finance-real-estate,The world's best private beaches you can actually buy,Fancy snagging your own white-sand retreat? The dream might just be more achievable than you think.
N5551,news,newsus,Dallas TV station apologizes for not interrupting Cowboys coverage for tornado warning,NBC Channel 5 news station apologized Monday for not interrupting coverage of the Dallas Cowboys game with a tornado warning Sunday night. An EF-3 tornado hit Dallas on Sunday evening and caused substantial damage at about 9:15 p.m. NBC 5 was broadcasting the Dallas Cowboys game and did not interrupt programming when a tornado warning was issued for the area. Some said they received ...
N35993,lifestyle,lifestyleparenting,6 Real Moms on How They Deal with Parental Burnout,Parental burnout is real but it's how you deal with it that counts. We asked real moms to share their tactics for rebooting when they need it most.
N36357,sports,football_nfl,"Jalen Ramsey expresses desire to stay with Rams ""for years and years to come""","New Rams cornerback Jalen Ramsey has yet to speak to reporters in L.A. However, he did speak via his 17 Weeks podcast commitment, produced by Lebron James' and Maverick Carter's Uninterrupted (except when the topic of China comes up) and SiriusXM/Pandora. ""I'm checking in after a huge, I mean, big, big day for me,"" Ramsey [more]"
N24959,video,science,Why Army Ants Get Trapped in 'Death Circles',"Army ants are blind and use pheromones to follow trails of other ants, but if a trail loops they get locked running in an endless circle."
N29740,music,music-celebrity,A Detailed List of Gwen Stefani and Blake Shelton's Cutest Moments,The Voice is officially the best matchmaker ever.
N62357,sports,football_ncaa,Fan falls from upper deck during Oklahoma State-Iowa State game,An unidentified fan fell from Jack Trice Stadium's upper deck to the lower deck during Saturday's Iowa State-Oklahoma State football game
N45102,foodanddrink,restaurantsandnews,How To Eat and Drink Your Way Through the MGM Grand in 24 Hours,Never miss a good meal or drink.
N38064,travel,traveltips,Dodging sticky fingers: How to outfox pickpockets,"I don't give much thought to petty crime when I travel abroad. I'm well aware that it happens: I've been preaching about the importance of wearing a money belt for decades. And for decades-- probably about a total of 4,000 days of travel-- I've never been hit by a thief."
N49210,sports,football_nfl,Bill Belichick Expects NFL To Close This Loophole Patriots Exploited Vs. Jets,EAST RUTHERFORD N.J. -- Bill Belichick expects the shenanigans he gleefully pulled late in Monday night's blowout win over the New York Jets to soon be outlawed. Early in the
N49345,autos,autosresearchguides,"Top 10 Cheapest New Cars for 2020, and Which Are Worth Driving",You want an inexpensive new car? Try one of these
N31851,lifestyle,lifestylepets,ADVICE ON PETS: Knowing when it's time to say goodbye to your pet,"Hello friends! Tuki here on my perch at the Potter League. I was hanging out at the front desk the other day when a family came in to adopt a new dog. I heard them say that their family dog, who was 13 years old, had to be laid to rest several months earlier and now they wanted to add a new furry member to their family. Like so many things that happen here   this got me thinking. How did they ..."
N47341,sports,basketball_nba,Al Horford rings his Sixers career in style in win over his former Boston Celtics teammates,"Before he attempted his first shot or grabbed his first rebound as a 76er, Al Horford had one other duty before beginning his career with his new team. Horford had the duty of ringing the ceremonial bell, the pre-game ritual that goes to a celebrity before a Sixers game. It was symbolic since Horford rang in a new era with his current team against his former one. After playing the previous ..."
N36630,news,newsus,Thousands showed up for the funeral of a veteran with no family. Then the truth came out.,"Edward K. Pearson actually had two sons, and had walked out on his family when the boys were teenagers, the Sarasota Herald-Tribune discovered."
N55663,autos,autosnews,2020 Land Rover Defender Leaks on Set of James Bond Film,
N53095,travel,traveltripideas,The Most Beautiful Natural Wonder in Every State,"While humans have built some impressive, gravity-defying, and awe-inspiring marvels   here are the most photographed structures in the world   the natural world may have us beat."
N30886,sports,football_nfl,Bengals' A.J. Green hopes to make Week 10 return,The wide receivers hopes to get back on the field after the Bengals' Week 9 bye.
N47699,news,newsworld,PHOTOS: Relatives grieve at site of Mexican ambush of Mormon family,Relatives mourn after gunmen killed nine women and children in the bloodiest attack on Americans in Mexico in years.
N31637,lifestyle,lifestylepetsanimals,50 stunning wildlife photos that will make you see animals in a whole new light,Nature photography competitions collect the best photos of animals from around the world. Here's a selection of photos from five different contests.
N30816,autos,autossuvs,2021 Ford Bronco: What We Know So Far,"Ford's rugged SUV will make its triumphant return next year, and we have plenty of information about it."
N44067,lifestyle,shop-holidays,Shop 40 Creative Gifts for Mom on Amazon,"Shop these self-care friendly finds, plus info on how to hide your tracks after you browse."
N18908,entertainment,entertainment-books,A Newly Translated Novel Charts the Dizzying Transformation of an Independent Oman,Jokha Alharthi's 'Celestial Bodies' is the first novel originally written in Arabic to win the Man Booker International Prize
N64215,sports,basketball_ncaa,Football: Tracking where North Jersey's best players will be going to college,Many seniors in Bergen and Passaic counties are announcing their college destinations. We'll keep track of those commitments right here.
N56359,sports,basketball_nba,LeBron James undermines values with comments on Daryl Morey and China,LeBron James' Monday news conference played right into the hands of Chinese government propaganda and undermined the values he has publicly espoused.
N39032,news,newsscienceandtechnology,"Photo battle between an iPhone 11 Pro and a $7,500 DSLR might surprise you","It's no secret that Apple over the past few years has devoted an ever-increasing amount of R&D towards improving the camera technologies it packs into the iPhone. And speaking to the scale of Apple's work and ambition, the company a few years ago revealed that it has well over 800 engineers who are solely tasked with working on and improving the iPhone camera. While not every iPhone upgrade results in a huge jump in camera performance, Apple's..."
N38336,health,weightloss,This Guy Lost 35 Pounds and Got Ripped Thanks to a Simplified Diet,"Even with a vegetarian diet, William Underwood was eating too much for someone with a desk job. He started lifting weights and running, losing 35 pounds along the way."
N21744,finance,finance-retirement,7 Ways to Reduce Debt to Have More Money for Retirement,Pay up what you owe now to enjoy your golden years later.
N6288,news,newsbusiness,Gov. Northam launches 'Opportunity Virginia',"Virginia's Governor Ralph Northam announced on Tuesday the official launch of Opportunity Virginia. Opportunity Virginia's mission is to encourage and enable investments with positive impacts in communities by ensuring fair and equitable access to resources and facilitating productive connections between investors, project sponsors, and communities throughout the Commonwealth. The governor said it is an initiative designed to leverage the..."
N18929,sports,football_nfl_videos,Jaguars vs. Bengals highlights | Week 7,See the highlights from the Week 7 matchup between the Jacksonville Jaguars and the Cincinnati Bengals.
N46858,travel,travel-videos,Bumpy Ride! How to Avoid Getting the Middle Seat on a Plane,There are a few ways to avoid the dreaded middle seat. Buzz60's Sean Dowling has more.
N53570,health,wellness,Study finds 4 main personality types   which one are you?,People love taking personality tests to learn more about themselves but until recently experts believed types didn't exist. A new study discovered four types.
N49907,news,newscrime,Caught on camera: Wrecker leads deputies on wild chase,A wild chase with a wrecker was caught on camera in northeast Harris County overnight. This started around 2:30 a.m. Thursday in Woodland Heights in north Houston and ended in the 11400 block of the Eastex Freeway at a Chevron gas station where the driver surrendered to deputies. Harris County Precinct 1 Constable's Office says it all started when a deputy constable responded to a call of a suspicious vehicle at Northwood and Euclid in Woodland...
N33853,sports,football_ncaa,"Oklahoma shows why this might be season it can knock off Alabama, Clemson to win title",
N46454,sports,basketball_nba,Westbrook doesn't have to say anything about playing Thunder,Russell Westbrook steps on the floor Monday night for his first meeting with his former team.
N30766,news,newsus,"'Brunch bills' enjoy wide support around Atlanta in Election Day voting, but fail in one city","The people of metro Atlanta have spoken, and they have spoken (nearly) in unison: They want boozy brunches. There was, however, at least one exception. Out of 17 communities where 11Alive tracked results from Tuesday's voting, at least 15 were..."
N30891,lifestyle,lifestyleparenting,21 Old-Fashioned Manners Kids Are No Longer Taught,"Against all odds, we can likely expect a future devoid of phrases like ""please"" and ""thank you."" These are the old-fashioned manners no longer being taught."
N48304,entertainment,celebrity,"Week in celebrity photos for Oct. 7-11, 2019","Week in celebrity photos for Oct. 7-11, 2019"
N46397,news,newsus,American Airlines flight attendants arrested at Miami airport; Found with $22K in cash,"One of them said he was carrying $100 before changing his statement to reveal he had $9,000 when he was questioned further, outlets reported."
N4681,movies,movies-gallery,The Best 'Scream Queens' Of Horror Ever,These actresses are known for their iconic roles in some of the best scary movies of all time.
N41648,sports,football_ncaa,3 takeaways from Oklahoma's win over Texas in Red River Showdown,The Sooners used a strong defensive performance and a career day from CeeDee Lamb to remain undefeated.
N23198,tv,tvnews,Eddie Murphy Shares Why He's Finally Hosting 'Saturday Night Live' (Exclusive),The comedy legend also spills details on the 'Coming to America' sequel!
N1398,news,newsus,Iowa woman killed by explosion at gender reveal party,"An Iowa woman was killed by debris from an explosion at a gender reveal party on Saturday, police said."
N62982,sports,baseball_mlb,Washington Nationals Pitcher Joins Long Line of Champion Athletes Turning Down White House Visit,"At the end of the day, as much as I wanted to be there with my teammates and share that experience with my teammates, I can't do it. I just can't do it, Nats closer Sean Doolittle told The Washington Post."
N28406,health,weightloss,'I would always crave my next meal': 360LB woman who used to eat until she couldn't BREATHE looks almost unrecognizable after overhauling her diet and losing nearly 200LBS,Adrianna Stye went from 363 pounds to 170 pounds after struggling with her unhealthy diet all her life.
N29569,sports,racing,"Power Rankings: Round of 8 opens with a bang, Texas on tap",NASCAR.com's Pat DeCola ranks the eight remaining NASCAR Playoffs drivers after the race at Martinsville Speedway and ahead of the race at Texas.
N24416,news,newsscienceandtechnology,Google to fix 'bug' that uploads free full-quality iPhone pics to Photos,"Google is about to patch a quirk in Photos that effectively gives iPhone users a free ride. The company told Android Police in a statement that it's planning to fix a Google Photos ""bug"" that stores iOS photos in their original quality without counting toward Google Drive usage, eliminating the need to pay for more storage when your free 15GB invariably runs out. As the HEIC file format Apple uses to save photos is more efficient than Google's..."
N62092,entertainment,gaming,"Marvel's Avengers game release date, news, trailers and first impressions","After two years of secrecy, we've finally seen what Square Enix and Crystal Dynamics have been working on."
N45715,lifestyle,lifestylehomeandgarden,"These Are the Hottest Paint Colors Right Now, According to Google","Beyond avoiding lead paint at all costs, and figuring out what is chalk paint, picking paint colors is relatively straight-forward, though it does take a good bit of research. You can always go to your local paint or hardware store to ask for a little guidance, or you can take the easiest route and turn to Google, like many, many other people do."
N21185,lifestyle,shop-holidays,Walmart says these will be the 48 toys every kid wants this holiday season,"From interactive toys to recreational vehicles, here are the products that are going to be topping kids' wish lists this year."
N14028,travel,traveltripideas,13 Famous Movie Landmarks You Can See in L.A.,
N28552,finance,financenews,Solidarity pays dividends in GM settlement,UAQ members wins in a trike that was not a diversion after all
N13843,news,newsweather,4.5 Magnitude Earthquake Rocks Near Pleasant Hill,"A pair of earthquakes, measuring 2.5 and 4.5 magnitude respectively, struck just south of Pleasant Hill on Monday evening, rocking the East Bay, authorities said."
N25873,sports,baseball_mlb,Nationals rode their rotation to World Series title,"Patrick Corbin, Anibal Sanchez, Max Scherzer, and Stephen Strasburg accounted for 107 2/3 innings in the postseason."
N16521,sports,basketball_ncaa,Couch: Getting 'exposed' at the Champions Classic is part of MSU's Final Four process,"Tom Izzo hates losing in the Champions Classic, but history shows it has little bearing on the season ahead, March especially"
N16029,autos,autosnews,Genesis EV Crossover Test Mule Spied Wearing Kia's Clothes,"If it's not a test mule, then this crazy Niro needs a Rocket Bunny makeover stat."
N61456,health,health-news,Alzhemier's risk may be 75% higher for people who eat trans fats,"The trans fats still hidden in many foods increased the risk of Alzheimer's and other types of dementia by up to 75%, according to a long-term study."
N32593,autos,autosenthusiasts,Mercedes-AMG unveils most powerful four-cylinder engine ever,"Mercedes confirms 415bhp power output for hot A-Class, CLA and GLA, and we've got all the details of the new M139 unit"
N27013,movies,movies-gallery,15 Movie Remakes That Totally Flopped,"For every Beauty and the Beast and Ocean's Eleven, there are countless other bad movie remakes that got roasted by critics and viewers alike."
N8753,finance,finance-real-estate,That super low mortgage rate? It could be even lower,The gap between Treasury yields and mortgage rates is higher than it has been in years as borrowers' appetite outpaces availability and as investors demand higher returns on mortgage-backed securities.
N34930,health,nutrition,9 Vegetables You Shouldn't Eat Raw,Are raw foods healthier than cooked foods?
N11348,foodanddrink,restaurantsandnews,Customers Are Trolling Papa John's Over Their Jack-O'-Lantern Pizzas,This is truly scary.
N19312,sports,baseball_mlb,MLB playoffs: Nationals' Howie Kendrick keeps playing postseason hero,Washington's veteran infielder has come through with some of the biggest hits in the team's thrilling postseason run.
N14641,movies,movievideo,Trailer - Queen & Slim,Official Trailer
N5003,news,newscrime,"Teens tried as adults after 6-foot log pushed off a cliff, killing woman at Ohio state park","Victoria Schafer was killed near Old Man's Cave in Hocking Hills State Park on Labor Day. Both suspects are being held at $100,000 bond."
N2193,news,newsopinion,Newt Gingrich: Pelosi announces Trump impeachment inquiry vote   Here's what I am on the lookout for now,The next political test for Speaker Pelosi and House Democrats will concern the kind of impeachment inquiry resolution they bring to the floor.
N15976,sports,soccer,"Alex Morgan is pregnant, due 3 months before Tokyo Olympics","Alex Morgan, a star at the last two Olympics, is pregnant with her first child."
N11350,finance,finance-savemoney,15 Things to Consider Before Cutting the Cord,"Cord-cutting is becoming more and more popular, but is it right for you?"
N21491,weather,weathertopstories,How climate change primed California's power shutdown,"Dry seasons are intensifying, increasing fire risk. A power utility is hedging against fires by cutting off electricity to more than half a million."
N44436,sports,mma,Watch Jonas Bilharinho's spectacular flying-knee knockout at Future FC 9,Former Jose Aldo sparring partner Jonas Bilharinho returned from a three-year hiatus with a stunning flying-knee KO at Future FC 9.
N14505,sports,football_nfl,"Broncos Insider: Brandon Allen, the next Case Keenum? A look at the QB's scouting reports from 2016 NFL draft.","After a herniated disk ruled out Joe Flacco from playing in Sunday's game against the Browns, the Broncos have turned to backup quarterback Brandon Allen to lead them into battle. Let the Brandon Allen era begin."
N37766,travel,traveltripideas,From Grand Gothic Cathedrals to Gorgeous Neoclassical Chapels: The 10 Best Churches in Paris,Experience the city's history through its most stunning buildings.
N46950,lifestyle,lifestylebuzz,30 Blonde Hair Colors for Fall to Take Straight to Your Stylist,"Say goodbye to bright blondes strands of summer and hello to slightly darker, more natural blonde hues. Whether you want to go darker or keep it light, here are thirty fall hair colors for blondes to rock this fall."
N17423,sports,football_nfl,Kyle Shanahan gave dad Mike game ball after win over Washington,"Following the game, the younger Shanahan trolled the Skins in epic fashion. The Shanahans were fired by Washington following the 2013 season."
N18936,news,newscrime,"In 1966, a Wisconsin secretary was stabbed more than 100 times. Her murder has never been solved","Nineteen-year-old Diane Olkwitz was savagely attacked at the end of her workday. More than 50 years later, family members are still seeking answers."
N7234,lifestyle,lifestylefamilyandrelationships,27 ways having grandchildren changes your life,"[node:summary] Here are 27 ways, for better and for worse, that your life will change when you have grandchildren."
N28111,health,weightloss,Why Lifting Weights Is Better Than Cardio for Weight Loss After 60,"The more muscle mass you have, the more calories you'll burn."
N1459,sports,football_nfl,Raiders at the bye: What have we learned?,"Jon Gruden was careful not to draw grand conclusions from the Raiders' 3-2 start, which has them one win from their 2018 total. ""We're building our team, that's all I'm going to say,"" Oakland's head coach said Tuesday, two days after a win over the Bears in London. ""We're not making any other statements other than that. We like the progress."" The Raiders have had early success despite some stunning roster developments. But the next month is..."
N31444,health,voices,"For 6 Years, Doctors Kept Telling Me I Had PMS but It Turned Out to Be Brain Cancer","Karissa Ostheimer, 34, regularly experienced brief yet terrifying episodes that left her frozen and unable to speak. But only when she had one behind the wheel and crashed her car did doctors consider they could be related to something far more serious than her period."
N60392,sports,football_nfl,"Arthur Blank will take next couple of weeks to evaluate ""everything""",Falcons coach Dan Quinn's job appears safe. For now. A league source indicated earlier that the current expectation is the Falcons will wait until the end of this season before making a coaching change. Owner Arthur Blank appeared to confirm that to reporters after Sunday's 27-20 loss to the Seahawks.
N63577,lifestyle,lifestylehomeandgarden,50 Things You Should Know About Your Home,Read up about handy home maintenance tips.
N41860,lifestyle,shop-apparel,The Best Fall Fashion Trends Available in Sizes 14+,Experts weigh in on the top trends you need to know about plus-size fall fashion and how to shop them now.
N7941,movies,movievideo,Trailer - Like a Boss,Trailer 1
N26632,travel,travelnews,Disney apologizes to guests after Skyliner 'nightmare;' no indication on reopening,"Walt Disney World has yet to set a reopening date for its new aerial cable car system, the Skyliner, after it stranded passengers for hours"
N16384,foodanddrink,restaurantsandnews,"This fast food chain has the best fries, according to customers","We asked our readers who has the best fries in all of fast food, and Five Guys' fries snatched the potato cake right from McDonald's greasy grasp."
N4972,news,newsus,"NYC Council Subcommittee Votes To Close Rikers Island, Open Borough-Based Jails","Rikers Island is another step closer to being closed. On Wednesday, a city council subcommittee voted 5-1 to close Rikers and open four smaller borough-based jails."
N54786,sports,football_nfl,Week 7 Post Game Wrap,Colts win! 4-2 and 1st in the AFC South!
N4209,health,nutrition,6 Signs You're Not Getting Enough Potassium,"Potassium is a crucial electrolyte that helps your muscles, but if your levels are too low, you could be in trouble. If you match many of these signs, you might want to ask your doctor about a potassium deficiency. Better safe than sorry! The post 6 Signs You're Not Getting Enough Potassium appeared first on The Healthy."
N57899,health,wellness,These are the unhealthiest zip codes in Dallas County,A new report from the Parkland Health and Hospital System has revealed some stark facts about how your quality of health is tied to where you live. The report found that African Americans who live in the southern part of Dallas are the most likely people in the county to be unhealthy. It also found that group of people has the least access to care. The above graphic shows a map of the different zip codes in the county with each's overall health...
N8370,lifestyle,shop-home-goods,Target Is Selling so Much Halloween Decor - Headed There Now!,"If you're someone already thinking about shopping for Halloween decor at Target, you'll be happy to know that its popular ""Hyde and Eek"" collection is here!"
N51077,sports,football_nfl,Drew Brees injury update: Saints QB (thumb) 'plans' to play vs. Cardinals,"Brees has missed the last five games after having surgery on his thumb, but is optimistic he will be back in Week 8."
N7645,lifestyle,lifestyledidyouknow,25 Optical Illusions That Will Make Your Brain Hurt,"From spinning circles to disappearing dots, these insane optical illusions aren't what they appear to be. Are you ready to have your mind blown? The post 25 Optical Illusions That Will Make Your Brain Hurt appeared first on Reader's Digest."
N41357,autos,autosenthusiasts,This Is What It's Like To Drive A Mercedes S600 With An F1 Exhaust,
N17621,news,newsus,Runaway 14-Year-Old Found In Cornfield Near Pennock,"After two hours of searching, the boy was found on the northwest edge of the cornfield."
N19495,lifestyle,lifestyleroyals,Prince Harry Has the Sweetest Response When Young Student Calls Him Handsome During Japan Trip,Prince Harry Has Sweet Response When Student Calls Him Handsome
N26584,news,newsfactcheck,Fact-checking Trump's spin about the 'great' outcome in Syria,The president glossed over uncomfortable facts and pitched fake ones as he declared victory in Syria
N61119,weather,weathertopstories,"4Warn Forecast: Showers moving out, chilly for the Cardinals game tonight!",This Afternoon: 40s. Rain moving east and ending early. Breezy and chilly. The temperature will hover in the upper mid-40s. Wind: WNW 15-25 mph This Evening: Low 40s. Clearing skies and chilly! Wind: W 8-12 mph Tonight: 38. Clear skies. Near freezing in outlying areas. There should be enough wind in most areas to prevent frost. Wind: W 5-8 mph Saturday: 62. Sunny. Normal high is 70. Wind: SW 10-15 mph Sunday: Low 45/High 67. A chilly start then...
N33570,news,newsscienceandtechnology,"Moto G8 release date, price, news and leaks","This is what we know about, and what we want to see, in the Moto G8 range of budget smartphones."
N21112,sports,more_sports,"Back to Excited Episode 78: Coaching Changes, Why Matthews & Marner don't work","After a dispiriting loss against Montreal, we take stock of the team"
N57552,news,newsworld,"Erdogan: Turkey arrested slain ISIS leader Baghdadi's wife, other relatives","Turkey's president on Wednesday announced the country's forces had captured multiple relatives of slain ISIS leader Abu Bakr al-Baghdadi, including one of the terrorist's wives -- but he also used the occasion to needle the United States for making ""a fuss"" about the mission that resulted in the most-wanted militant's death."
N476,lifestyle,lifestylepetsanimals,"27 ""Facts"" About Animals You Have All Wrong","Spoiler alert: you may never order grilled octopus again. The post 27 ""Facts"" About Animals You Have All Wrong appeared first on Reader's Digest."
N10935,foodanddrink,recipes,Pizza Hut Is Testing Out Round Pizza Boxes That Can Keep Your Pizza Safer (And Hotter!) During Delivery,Why are they square again?
N53879,news,newsus,U.S. Supreme Court divided over Kansas immigrant identity theft case,U.S. Supreme Court divided over Kansas immigrant identity theft case
N22505,sports,football_nfl,Cleveland Browns vs. New England Patriots: Week 8 TV Listings,How can you watch the Browns vs. Patriots game on television this week?
N23088,video,viral,Demolition car tow becomes complete comedy show,"Luckily, nobody was hurt and no harm was done in this mishap that turned into a complete comedy show. Even the two young men trying to get this car down the road to a demolition derby could see the humor, and the embarrassment in the ordeal!"
N48422,sports,football_ncaa,Why Spiller was critical recruit to help start Clemson dynasty,"Before Clemson became a football dynasty, it was the recruitment of C.J. Spiller that was critical to getting the program competitive with the elite."
N5249,sports,football_nfl,Falcons reportedly will not fire Dan Quinn during bye week,The Atlanta Falcons owner Arthur Blank decided to keep Dan Quinn for at least one more week despite their multitude of issues.
N4435,finance,financenews,"Study: Phoenix area fares better than other metros when it comes to traffic congestion, but will that continue?",A recently released traffic report shows that the Phoenix area's traffic congestion isn't nearly as bad as other large metropolitan areas .
N62427,foodanddrink,restaurantsandnews,These are the best doughnut shops in all 50 states,"Using an algorithm based on customer reviews, Yelp has picked out the best doughnut shop in every US state for 2019."
N7004,lifestyle,lifestyleroyals,"Meghan and Harry to take 'family time' off, says royal source","The Duke and Duchess of Sussex will take a break from royal duties towards the end of the year, dividing their time between the US and the UK."
N10280,health,weightloss,Vicki Gunvalson Just Raved About Her Daughter's 112-Pound Weight Loss On The Keto Diet,Real Housewives of Orange County star Vicki Gunvalson opened up about her daughter Briana Culberson's weight loss on the keto diet.
N5195,lifestyle,lifestylemindandsoul,The Thanksgiving Gratitude Game: An A to Z Guide to Giving Thanks,
N40032,sports,football_nfl,"NFL Rumors: Here's Where Tom Brady's Trainer, Alex Guerrero, Is Moving To",When both Alex Guerrero and Tom Brady put their homes on the market it turned more than just a few heads. For a while now there have been rumors about
N45225,foodanddrink,foodnews,Guy Fieri Knows How to Laugh At Himself. That's Why He Has Instagram's Best Meme Account.,The Mayor of Flavortown explains how he curates his internet presence with only a little clip art knowledge.
N34048,lifestyle,lifestylecareer,17 Outdated Office Etiquette Rules That Are So Laughable Today,"While they may have once been standard practice, these office etiquette rules are woefully outdated today. Find out which ones are meant to be broken."
N18005,health,medical,40 Health Symptoms You Should Never Ignore,"Don't ignore the simple signals that something is wrong very, very wrong."
N46596,sports,more_sports,TV sports listing for Des Moines and Iowa,What channel are the Hawkeyes and Cyclones on?
N35791,health,weightloss,"Ways to Lose Weight: 36 Fast, Easy Tips","If you're trying to drop a few pounds fast, these expert tips will make it easy for you to lose the weight quickly."
N14335,sports,football_ncaa,18 people ejected from UM vs Notre Dame game,"ANN ARBOR, MI -- Two people were arrested and 18 people were ejected during the University of Michigan football game against Notre Dame."
N54843,news,newsus,Gretchen Carlson wants to speak freely about Fox News tenure,"When Gretchen Carlson heard that NBC News was considering letting people out of their non-disclosure agreements involving alleged sexual misconduct at the network, she couldn't help but think of the NDA she signed with Fox News before her departure three years ago."
N57119,lifestyle,lifestylebuzz,Service Dogs Trained in Prison Finally Go Home With the Veterans Who Need Them,Puppies Behind Bars trains prison inmates to raise service dogs for wounded war veteran and first responders.
N34322,health,nutrition,Here's What Meghan Markle Eats in a Day,Find out what the Duchess of Sussex eats in a day to stay fit and energized to accomplish her royal duties.
N7895,lifestyle,lifestylebuzz,Amazon Is Having Black Friday-Level Deals Right Now,Adding to cart as we speak.
N8263,news,newsus,Massive fire in Commerce reportedly sparked by pile of railroad tires,
N32502,news,newsus,"Budget apartments for rent in Mount Vernon Square, Washington","Housing costs too high? Apartment hunting can be hard, but there are deals to be had. So what does the low-end rental price in Mount Vernon Square look like these days?"
N10270,autos,autossports,What Do Old-School Mustang Guys Think of the Kia Stinger?,"We wondered, so we put the Original Venice Crew in our long-term Stinger GT."
N5978,finance,markets,"Eric Tse, 24, just became a billionaire overnight",A 24-year-old business school graduate has just become an overnight billionaire.
N42660,foodanddrink,tipsandtricks,9 Mistakes You're Making When Freezing Your Food,Let's stop pretending freezer burn is fine.
N21136,tv,tv-celebrity,Andy Cohen Says He Doesn't Feel Guilty About Joe and Teresa Giudice's Legal Fate After RHONJ,Andy Cohen Doesn't Feel Guilt About Joe and Teresa Giudice
N15424,health,wellness,How Long Does the Flu Shot Last? Here's What Experts Say,Are you still covered from last year?
N33800,sports,football_nfl,Seahawks have most WR heavy roster in the NFL,
N91,autos,autosnews,"Lamborghini Urus Spied Lapping 'Ring, Might Be Hotter Model",The only difference between this vehicle and the existing Urus might be at the back.
N62758,autos,autossports,2020 Chevrolet Corvette Z51 Caught In The Wild,It looks fantastic in this color scheme.
N38014,finance,finance-companies,General Motors on track to lose nearly $3 billion from strike,"Labor action will slice automaker's profits for the year, though latest earnings top analyst forecasts"
N26401,weather,weathertopstories,Powerful nor'easter brings heavy rain to New York area,
N62582,foodanddrink,foodnews,These 5 Classic French Foods Were Created by Mistake,"When I looked more deeply into France's gastronomic history, I found that some of the most beloved recipes were born from mistakes."
N11258,lifestyle,lifestylepets,Rare polka-dotted zebra foal photographed in Kenya,"The eye-catching animal, seen in Kenya's Masai Mara National Reserve, likely has a genetic mutation called pseudomelanism."
N37756,news,newsus,"Connecticut has 6 of the 100 worst traffic bottlenecks in the country. Here's where they are, and how Gov. Ned Lamont would fix them.","Although small in land mass, Connecticut has six of the 100 worst traffic bottlenecks in the entire country, according to a new national study. And targeting those choke points will be a key component to a revised transportation plan that Gov. Ned Lamont is preparing to release. ""There are certain select choke points where you can just liberate the traffic if you take care of them,"" Lamont ..."
N29960,sports,football_nfl,Colts fan and Stampede Blue community weekly Q&A   Week 7,
N15416,sports,baseball_mlb,'Embrace it': Stephen Strasburg's legendary postseason hits its apex with gritty Game 2 win,Washington's starter shrugged off a first-inning homer to battle back and hold the Astros to two runs in six innings in Game 2.
N520,health,weightloss,Woman who ate McDonald's EVERY DAY before dinner sheds 154lbs with the help of a gastric band after deciding she didn't want to be a 'shell of a mother' anymore,A Michigan mother who ate McDonald's every day has lost 154 lbs. and dropped an impressive 10 dress sizes after giving up fast food and sugary drinks.
N9648,sports,baseball_mlb,The Nats are the biggest World Series underdogs in over 10 years,"Caesars Sportsbook opened with the Astros as -235 favorites to beat the Nationals in the best-of-seven series. The Nats are listed as +195 underdogs. (For favored teams like the Astros, the negative odds indicate how much you'd need to bet to win $100. So in order to win $100, you'd need to bet $235. For underdog teams like the Nationals, the positive odds indicate the amount of money you'd win if you bet $100. So a $100 bet on the Nationals..."
N27503,news,newscrime,A Florida man was punched in the face while wearing a Donald Trump costume: report,"A Florida man dressed up as Donald Trump was punched in the face while waiting in line for a haunted house on Saturday, NBC reported. According to NBC, the man was standing in line with his wife and stepdaughter when a young girl approached him and punched him in the jaw. She then laughed and ran back to her group in line. The victim approached the girl to ask her why she hit him while he was having a good time with his family, NBC reported...."
N61433,sports,basketball_nba,"Cavaliers coach Beilein grabs 1st NBA win, doused in celebratory water bottle shower",
N17055,movies,movievideo,Trailer - Can You Keep a Secret?,Official Trailer
N55526,entertainment,celebrity,36 Celebs You Won't Recognize from Their Yearbook Photos,"See what Meryl Streep, Emma Stone and others looked like in their yearbook photos"
N3908,music,music-celebrity,"Renowned DJ Zedd ""Permanently Banned"" From China for Liking a 'South Park' Tweet",The Comedy Central cartoon has been banned by the Chinese government for its recent criticisms.
N32247,sports,golf,'Smiling Cinderella' Shibuno returns to LPGA at Swinging Skirts,"If you miss seeing Hinako ""The Smiling Cinderella"" Shibuno take on the world's best on the LPGA tour, this is your week. She returns to action at the Taiwan Swinging Skirts on a sponsor's exemption."
N38528,finance,markets,Countries that bought other countries,"President Trump's recent attempt to snap up Greenland may seem ridiculous, but many countries, particularly the US, have purchased sovereign territory over the years. Althought the practice of nations buying up land has waned since the latter half of 20th century due to a number of factors, including the growing recognition of principles such as self-determination. Looking back over history, here are 30 instances when nations bought sovereign land."
N27289,lifestyle,voices,Why I'm Done Celebrating The Accomplishments Of Couples,"What is real? How do you define real? - Morpheus, The Matrix, 1999 I've had the ""summer of six weddings."" The ""spring of seven baby showers."" The ""year with nine bachelorette weekends""   not parties, but whole weekends for some reason. And while I could tell tales of the financial strain imposed when a single person celebrates other people for their entire adulthood   and I do serve that tea boiling   instead I want to talk about feelings...."
N44396,finance,markets,Parking space sells for almost $1 million,"Businessman Johnny Cheung has reportedly sold a 135-square-foot parking space in Hong Kong for a whopping $969,000 to an as-yet-undentified buyer."
N3325,news,newsus,"The Greatest, Fakest World Record",History's best marathoner has broken a mythical time barrier. But it doesn't count as a world record.
N19297,movies,movies-gallery,"The 50 worst Netflix original movies, ranked according to critics",The streaming service has released over 200 original movies since 2015. Here are the worst 50 original movies based on their Rotten Tomatoes scores.
N52508,foodanddrink,newstrends,14 Recent Restaurant and Bar Openings in Metro Detroit,Tracking all the new dining and drinking options across Southeast Michigan
N60065,tv,tv-gallery,These 25 New and Returning TV Shows Coming to Netflix in October Look Scary Good,"Whether you want to get in as many scares in as possible in October or you would really rather avoid any creepiness at all, Netflix has got your back."
N217,video,news,Giuliani role in Trump Ukraine scheme develops new twists,"Rachel Maddow reports on the latest developments in the criminal investigations into Donald Trump's associates in his Ukraine scheme, and the latest details in testimony to the Trump impeachment inquiry."
N14639,lifestyle,lifestylehomeandgarden,7 Ways to Prepare Your Lawn for the Fall,Learn the best ways to prep your lawn for fall.
N2329,finance,finance-savemoney,30 everyday products that cost so much more in the 1980s,"Let's take a trip back to the 1984 holiday season. Ronald Reagan was in the White House, Madonna was killing it in the charts, Dynasty was the top-rated TV show, and an insane amount of consumer goods were a whole lot more expensive than they are today. Using the Sears Christmas Wish Book as a guide, we reveal exactly how much a range of products cost back then when adjusted for inflation and compare them to prices of equivalent items sold on Amazon in 2019."
N58304,foodanddrink,tipsandtricks,27 bad eating habits you need to stop right now,These are the habits you need to break   along with some handy eating hacks to make mealtimes healthier and easier.
N37026,news,newspolitics,White House Says House Vote Continues 'Sham': Impeachment Update,The House plans to take its first vote to support the impeachment inquiry of President Donald Trump on Thursday as Democrats seek to nullify Republicans' argument that the process is illegitimate.
N48701,tv,tvnews,'A chunk of my heart is broken': Beloved bus driver dies while driving students home from school,"A longtime Davie County Schools bus driver died while she was transporting high school students home from classes Thursday afternoon. School district officials said the bus driver, Coleen Gaither, suffered a medical emergency moments before her death. Gaither was transporting Davie County High School students when the incident happened at 3:35 p.m. on Farmington Road. District officials said the bus was able to stop safely and no students were..."
N33764,weather,weathertopstories,Tick fire explodes overnight; 6 homes destroyed as battle intensifies,"Fanned by strong Santa Ana winds, the Tick fire continued its destructive path through Santa Clarita early Friday, jumping the 14 Freeway and sending residents fleeing from neighborhoods as it consumed dry grass, brush and set homes ablaze."
N6058,news,newsscienceandtechnology,Verizon adds 5G coverage to three basketball and hockey arenas,"You don't have to watch football if you want 5G coverage from Verizon (Engadget's parent company) while you're attending live sports. The carrier has switched on 5G coverage at three major basketball and hockey arenas, including San Francisco's Chase Center (home of the Golden State Warriors), Denver's Pepsi Center (Colorado Avalanche/Denver Nuggets) and Phoenix's Talking Stick Resort Arena (Phoenix Suns). Madison Square Garden is also on deck,..."
N50652,sports,football_nfl,"Report: When Ramsey didn't play in Week 6, Khan gave green light for trade",
N50985,sports,tennis,"With Linz Open semis win, Coco Gauff becomes youngest WTA finalist in 15 years","Coco Gauff won the Linz Open semifinals, becoming the youngest woman since Nicole Vaidisova in 2004 to be a WTA finalist."
N54726,travel,travelnews,Yellowstone tourist injured after falling into hot spring,A tourist suffered severe burns after falling into a hot spring near Old Faithful on Sunday in Yellowstone National Park.
N38035,sports,baseball_mlb,"13 Yankees who could be outta here | Aroldis Chapman, Didi Gregorius, Clint Frazier, Miguel Andujar moving on?","HOUSTON -- One of the emotions that Aaron Judge was feeling after the Yankees' season ended on Saturday night was sadness. Along with frustration and anger and hurt, Judge was realizing how much he was going to miss retiring pitcher CC Sabathia right after the Yankees' 6-4 loss to the Houston Astros in Game 6 of the American League Championship Series. ""This was the last game I'll ever going ..."
N25518,travel,traveltripideas,Everything to know about Mount Rainier National Park,"A snowcapped backdrop to Seattle and Puget Sound, Mount Rainier is a slumbering giant that last erupted in the 1890s."
N61157,autos,autossuvs,Looks Like Jeep Is Working on an Even Crazier Grand Cherokee Trackhawk,"It already has 707 horsepower, but the hood scoop on this prototype suggests that a Redeye or Demon variant is in the cards."
N8571,foodanddrink,recipes,17 Barbecue Recipes to Master,"Plus, if you haven't found your signature barbecue sauce yet, we've included a few different spins, from Alabama's signature white sauce to a sweet and smoky maple-chipotle version."
N28287,news,newscrime,25-Year-Old Killed After Deadly Shooting In Southeast Baltimore,Police are investigating after a deadly shooting in southeast Baltimore Saturday afternoon.
N17188,sports,golf,Round 2 tee times pushed up as heavy rains expected at Zozo,Players could be in for a long weekend at the Zozo Championship as heavy rains are expected for Round 2.
N46534,finance,finance-retirement,The 50 best places to retire in the US,50 Best Places to Retire in the U.S.
N31254,finance,finance-real-estate,"The most affordable apartments for rent in Zilker, Austin","If you're apartment hunting, you know how hard it can be to find a bargain nearby. So what does the low-end rental price in Zilker look like these days?"
N48194,sports,football_nfl,Should Patriots Consider This WR Trade Target Suggested By Ex-New England Exec?,The October NFL trade deadline is just around the corner and there are a couple areas the New England Patriots could stand to upgrade in. One of those positional groups
N12737,sports,basketball_ncaa,"James Bouknight applies for rehab program, case continued to Nov. 18","James Bouknight has applied to be enrolled in an accelerated pretrial rehabilitiation program, stemming from charges resulting from an on-campus incident on Sept. 27, according to attorney Rob Britt. His case has been continued until Nov. 18. The program is a court diversionary program that, if Bouknight were to successfully complete on time, could get his charges dismissed. A judge will determine on Nov. 18 whether or not he is an appropriate..."
N51949,autos,autosluxury,2021 Mercedes C-Class Convoy Caught Covered In Camouflage,We're still months away from the reveal.
N6357,news,newscrime,Man strangled to death in Seattle's Lake City neighborhood identified,"A man strangled to death in the early evening hours on Saturday in Seattle's Lake City neighborhood has been identified. The King County Medical Examiner identified the man as 52-year-old Derrick Frost and determined his cause of death was due to strangulation. Seattle police responded to the 12500 block of 33rd Ave. NE just after 6 p.m. Saturday, Oct. 12 for a report of a fight happening. Officers found Frost unresponsive on the sidewalk and..."
N20725,sports,basketball_ncaa,Mike Anthony: NCAA's decision to sit UConn's Evina Westbrook helps no one; UConn's fiery response shows there is confusion over what NCAA actually values,Geno Auriemma used his voice in front of microphones and cameras. David Benedict used his keyboard to issue a lengthy statement. Both blasted the NCAA on Friday.
N14418,foodanddrink,foodnews,The candies everyone was obsessed with the decade you were born,"We rounded up the most popular candies from each decade, from Tootsie Rolls in 1945 to Bertie Bott's Every Flavor Beans in 2000."
N21002,news,newsworld,Photos of the Day,Our top photos from the last 24 hours.
N20244,autos,autosnews,2021 Acura TLX Spy Photos Provide Best Look Yet At The Interior,There's a hint of the RDX inside.
N43035,movies,movievideo,Florence Pugh Reveals Why Filming 'Midsommar' Was Actually a 'Joy',"'Hereditary' director Ari Aster returns with 'Midsommar,' available on Blu-ray and DVD on Oct. 8."
N48044,entertainment,entertainment-books,15 Scary YA Books That Are Perfect For Halloween,It's hard to resist the urge to read something spooky in the Fall.
N11367,health,health-news,Trump rule may mean 1 million kids lose automatic free lunch,The proposal would reduce the number of people who get food stamps.
N40974,sports,football_ncaa,ASU football rewind: Sun Devils win thriller against Washington State,"Coming off a bye, ASU (4-1) hosts Washington State in a matinee showdown in Tempe. Check back for updates from Jeff Metcalfe throughout the game."
N60825,sports,football_nfl,"Bengals pulled offer they made to Shaq Barrett after MRI, per report",Shaq Barrett said he thought he was going to sign with the Bengals this past offseason.
N33071,news,newsus,Man dead in officer-involved shooting; 7th in Athens this year,"ATHENS, Ga. (CBS46)   An officer-involved shooting is under investigation after a man was shot and killed by Athens Clarke County police on Saturday. Police responded to a call about a domestic disturbance between neighbors just before 9 p.m. at The Oaks Apartments near Gaines School Road. After they met with the person who made the call, officers drove through the apartment complex looking for Nan Zhao, the other person involved in the dispute...."
N55231,foodanddrink,beverages,Jack Daniel's Has New Apple Whiskey for All Your Fall Hot Toddies,Here's your excuse to pop a bottle.
N39529,foodanddrink,newstrends,Make Ryan Scott's easy one-pot beef stew,Cookbook author and restauranteur Ryan Scott stops by TODAY with Hoda & Jenna to share one of his favorite fall recipes: a braised beef stew and roasted asparagus with a delicious pistachio pesto.
N38975,sports,football_nfl,Matt Ryan ruled out with ankle injury after strip-sack,"Ryan's injury caps off an awful day for the Falcons, who were already short on offense."
N25519,autos,autostrucks,2021 Chevy Colorado and GMC Canyon facelift spied,Don't expect major changes to the GM midsizers
N33584,health,healthagingwell,Science Says Doing This One Thing for 15 Minutes Is as Beneficial as a Vacation Day,A new study published in The Journal of Positive Psychology has found that the benefits of brief meditation are similar to that of one vacation day.
N389,news,newspolitics,"As President Trump says, 'where's the whistleblower?'","Since the whistleblower complaint came to light, it's been rapid-fire witnesses on Capitol Hill -- but the whistleblower has remained largely out of the picture."
N18516,finance,finance-retirement,13 reasons you'll regret an RV in retirement,We spoke with retirees who spend much of their time in recreational vehicles for their guidance on the cons of RV living in retirement.
N53286,sports,football_nfl,Cooper 'increasingly likely' to leave Cowboys as contract talks stall,"Without the wide receiver, Amari Cooper will the Cowboys' young offensive core be together for very long?"
N8041,travel,travel-points-rewards,How to quickly earn the Southwest Companion Pass,"Please note: the offers mentioned below are subject to change at any time and may not be available. Some perks in the frequent flyer universe can be incredibly rewarding, taking on an almost too-good-to-be-true aura. A fourth night free on paid hotel stays? $300 in travel credits that post automatically? Sign me up! However, there's one benefit …"
N47005,news,newsus,Identical twins. Identical asylum claims. Very different luck at the border,"JUAREZ, Mexico - The 12-year-old identical twins entered Texas from Mexico days apart in the foothills of Mount Cristo Rey. One came with their father. The other arrived with their mother. It was June. The family's plan was to get caught by Border Patrol agents as quickly as possible, then claim asylum so they could stay in the U.S. legally while awaiting immigration court hearings."
N57265,sports,football_nfl,Detroit Lions players discuss controversial calls in loss to Packers,The Detroit Lions discussed several critical penalties assessed against them in Monday night's loss to the Green Bay Packers.
N44681,news,newsworld,America's Melting Pot Cities,"Throughout the history of the United States, the growth of large cities has been fueled by international immigration."
N48330,entertainment,gaming,Ninja Theory reveals The Insight Project for game design and mental health,"Ninja Theory wants to study and treat mental health problems through game design. What you need to know Ninja Theory is a U.K. game development studio responsible for games like Enslaved: Odyssey to the West, Hellblade and the upcoming Bleeding Edge. Ninja Theory was acquired by Microsoft in 2018 and is now a part of Xbox Game Studios. Ninja Theory has announced The Insight Project, a new team within the studio focused on tackling mental health..."
N7607,entertainment,entertainment-books,Parker Looks Up: Michelle Obama's Biggest (and Littlest) Fan Just Published Her First Book,"She's been a viral sensation (more than once), has had a dance party with the forever first lady, and has published her first book all before the age of five."
N56616,foodanddrink,videos,The Pioneer Woman Uses Her Favorite Kitchen Tool In a Totally Unexpected Way,Here's where you can buy one of your own.
N21486,news,newsus,Milwaukee police officer jailed pending charges in sexual assault allegation,"Ayotunde Bello, 34, was booked into Milwaukee County Jail just before 2 a.m. Thursday on tentative charges of second-degree sexual assault by use of force and felony misconduct in office."
N7128,travel,travelnews,7 Women Share What It's Really Like To Work On A Cruise Ship,"If you've ever taken a cruise vacation, you know that it takes thousands of people to make sure you and your fellow travelers are housed, fed, and entertained well while on the trip. But, as travelers, there's a lot that goes into cruise ship hospitality we don't know about. To find out what it's really like to work and live on a cruise ship, we spoke to seven current and former employees. The folks we interviewed worked for Royal Caribbean..."
N13535,autos,autosenthusiasts,A Saleen Mustang Collection to Die For,Scott Warren and his collection of rare Saleen Mustangs
N27132,sports,basketball_nba,Franchise players? NBA sophomore class full of rising stars,"Deandre Ayton strolled around the practice court, talking and laughing with coaches and teammates following a two-hour workout with the Phoenix Suns. It is clear he is comfortable operating in lofty surroundings, even on a morning in the mountains of Flagstaff, despite a sign on the wall that warned of the dangers of physical exertion at 7,000 feet of altitude. ""What's that, 7,000? Nah, I need more like 15. That was pretty light,"" Ayton quipped...."
N58547,lifestyle,lifestylehoroscope,Zodiac Friendships That Are Creative Power Houses,Seeking out a zodiac pair that compliments your creativity can give your projects the boost they need to be better than you ever imagined.
N7412,sports,football_nfl,"Rewind: Cardinals ride Chase Edmonds, turnovers to win over Giants",Cardinals insider Bob McManaman offers a breakdown of Sunday's game between the Cardinals and Giants at MetLife Stadium.
N37694,entertainment,humor,Comics - 'Pluggers' by Gary Brookins,
N35102,news,newspolitics,Texas Voters Evenly Split On Trump Impeachment: Poll,Voters are divided on whether Donald Trump should be removed from office but nearly half think the investigations should proceed.
N39624,lifestyle,lifestylebuzz,Ninja History Student Writes Term Paper in Invisible Ink   Gets an 'A',The university freshman sent her education into stealth mode.
N12452,health,medical,How Safe Is Your Medicine Regimen?,Here's how to make sure you're getting the benefits with as few risks as possible.
N19894,health,nutrition,This Is What Drinking Celery Juice Really Does to Your Body,The never-ending health claims of celery juice benefits are alluring but knowing what it actually does to your body is more helpful.
N46288,autos,autosenthusiasts,Missing Lamborghini Countach Turbo Tracked Down,The story of how this car came to light is pretty fantastic.
N20862,sports,baseball_mlb,Mike Trout and Christian Yelich win the 2019 Hank Aaron Awards,Both Yelich and Trout are two-time winners of this award
N4499,sports,basketball_ncaa,Clemson adds another major basketball recruit in 4-star F Olivier-Maxence Prosper,Clemson added its second 4-star basketball recruit in as many days with a pledge from 4-star NBA Latin American Academy forward Olivier-Maxence Prosper.
N44228,weather,weathertopstories,"New York Weather: Winter Expected To Be Warmer & Wetter Than Normal, NOAA Says","Is it going to be a white Christmas? Maybe not, according to new forecasts by the National Oceanic and Atmospheric Administration."
N29278,entertainment,celebrity,We Bet You Didn't Know These Celebrities Are Also Triathletes,Gordon Ramsay isn't always in the kitchen.
N49149,lifestyle,lifestylecleaningandorganizing,Your Dishwasher Can Do Better: 9 Tips to Boost Performance,Enhance the performance and lifespan of your dishwasher with these nine useful tips.
N32844,lifestyle,lifestyledidyouknow,These Cities (And States) Have Abandoned Columbus Day,Christopher who? More and more of the country is rethinking how they celebrate the second Monday in October. The post These Cities (And States) Have Abandoned Columbus Day appeared first on Reader's Digest.
N440,news,newsus,"Driver, Aurora Firefighters Hurt In Crash",Aurora Police cited a driver after they say they ran into an Aurora fire truck.
N13194,foodanddrink,restaurantsandnews,"The 9 Best McDonald's McFlurry Flavors, Ranked From Worst To Best",Do you agree?
N3623,foodanddrink,newstrends,"The best fall festivals around Phoenix in 2019: Oktoberfest, Day of the Dead, art and more","Music, art, history, Day of the Dead, cultural celebrations and family fun at these events in Phoenix, Scottsdale, Mesa, Tempe, Chandler and more."
N32072,movies,movies-gallery,See all of Angelina Jolie's 'Maleficent: Mistress of Evil' press tour fashion and beauty looks,The gorgeous and talented actress has been serving up some serious glamour as she promotes her new Disney movie.
N15905,lifestyle,shop-holidays,Amazon says these are the 25 toys every kid will want this holiday season,"Here are the top 25 toys from Amazon's holiday wishlist, with toys from Harry Potter, Star Wars, and Marvel. Some are exclusive to Amazon."
N26479,lifestyle,lifestylepetsanimals,11 Reasons You Should Adopt A Rescue Cat,June is Adopt a Shelter Cat Month!
N27077,health,wellness,Butler County's second medical marijuana dispensary opens in Monroe,Monroe's medical marijuana dispensary debuts today after months of waiting for its final inspection by the Ohio Board of Pharmacy.
N21746,news,newsus,"10-year-old girl dies after falling off carnival ride, police say","A 10-year-old girl has died after she fell off a carnival ride in New Jersey, according to police."
N1876,sports,football_ncaa,Misery Index: Wisconsin won't be able to erase ugly mark on its resume after loss to Illinois,"This week for Wisconsin was supposed to be about the buildup for the program against Ohio State. Instead, it is reeling from an ugly loss to Illinois."
N59726,video,news,Top lawyers explain legal jeopardy Trump associates could face,"Two Rudy Giuliani associates were recently arrested for alleged campaign finance violations, leading expert lawyers to ponder the legal jeopardy Donald Trump and those linked to the president's controversies could face. Joy Reid and her panel discuss."
N29702,video,viral,Cop Criticized at Ceremony: 'You're a Bad Police Officer',"An awards ceremony for several sheriff's deputies turned into a complete embarrassment for one of them, as an official publicly shamed the officer. Deputy John Gallardo received a Deputy of the Month award at the Tamarac City Commission in Florida. But shortly after photos were taken, City Commissioner Mike Gelin called Gallardo to the front of the room and confronted him about a 2015 incident. ""You don't deserve to be here,"" Gelin told Gallardo."
N46771,news,newsus,New York lawmakers hold hearing on changing recycling market,"NEW YORK (AP)   New York state lawmakers will hold a hearing on recycling amid China's decision to restrict scrap imports. The halt on China's imports of wastepaper and plastic has disrupted U.S. recycling programs, but it also has spurred investment in American plants that process recyclables. The heads of the state Senate and Assembly environmental conservation committees say they will take testimony to examine statewide recycling issues in..."
N35783,video,animals,Camera catches mail courier adorably greeting family dog,How cute is this adorable interaction?
N45165,sports,football_nfl,3 locals in unconventional relationship to be in documentary,"KANSAS CITY, MO (KCTV) -- CBS News has a new documentary that features people from right here in Kansas City. The documentary explores the rise of open relationships of all forms. The people from Kansas City, Kansas were interviewed by news crews at KCTV5 this past summer after someone stole their flag. It was a unique take on the American flag and blended in the pride flag. The husband, wife and girlfriend said they want to openly explain their..."
N30717,lifestyle,lifestylecleaningandorganizing,30 Helpful Organizing Tips,Your house will never be more organized after trying these tips.
N23743,news,factcheck,AP FACT CHECK: Trump team distortions on fuel economy rules,"WASHINGTON (AP)   President Donald Trump and his team are distorting the facts in explaining the administration's decision to stop California from setting its own emission standards for cars and trucks. The move announced this week revokes California's authority to set auto mileage standards stricter than those issued by federal regulators. The administration argues it would result in less expensive, safer cars, and that electric cars are..."
N32547,health,health-news,Florida Woman Recovers from Breast Cancer with Trial Vaccine,'I feel like I walked on the moon.'
N10553,lifestyle,lifestylelovesex,It Isn't About Your Love Language; It's About Your Partner's,A framework meant to help people become more attuned to their partners now gets treated like a personality test.
N50891,foodanddrink,foodnews,26 Trader Joe's Employees on Their Most-Loved Items in the Store,"From stellar snack offerings to deals on wine, Trader Joe's has much to offer. We polled 26 TJ's employees for their most-loved items in the store."
N50788,health,nutrition,What Cameron Diaz Eats in a Day to Age Gracefully,"We did some research to find out what Cameron Diaz's ""longevity diet"" actually looks like."
N59686,news,newspolitics,5 ways the Trump impeachment inquiry will loom large at Tuesday's Democratic debate,The biggest storyline of the Ohio debate revolves around how the candidates talk about the fast-moving impeachment inquiry of President Donald Trump.
N2448,news,newspolitics,Democratic Rep. Katie Hill resigns amid allegations of improper relationship with staffer,"Rep. Katie Hill (D-Santa Clarita) resigned Sunday after allegations that she engaged in affairs with a congressional aide and a campaign staff member were made public earlier this month. Hill announced the resignation in a letter to constituents, saying she was stepping down ""with a broken heart."" ""This is what needs to happen so that the good people who supported me will no longer be subjected to the pain inflicted by my abusive husband and the..."
N22006,finance,finance-real-estate,Why houses are so expensive to build,Find out what's driving housing prices up and why so many people struggle to find affordable housing options.
N28754,lifestyle,lifestyledidyouknow,How Many States May Stay on Daylight Saving Time for Good?,No one likes to lose an hour each spring so some states are actually trying to change time. Here's where Daylight Saving Time came from and what might happen to springing forward and falling back in the future.
N3465,health,voices,This Is What It's Like to Give Up Alcohol For a Week,"I don't often examine my drinking, but I was curious about the less obvious effects of alcohol on my life. This is what I learned from a week of sobriety."
N24763,autos,autosenthusiasts,Last Saab Ever Built Is On The Auction Block Right Now,It's a 9-3 Aero and it only has 41 miles on the odometer.
N44113,sports,basketball_nba,Monty Williams backs Devin Booker's playoff aspirations for Phoenix Suns,Monty Williams co-signed on Devin Booker's playoff hopes as Suns look to return to postseason play for first time since 2010.
N27877,health,wellness,Billie Is Normalizing Female Facial Hair By Asking Women to Take Part In Movember,"The razor brand is reminding people that women can grow 'staches, too."
N92,news,newspolitics,"John Bolton, welcome to the Resistance?","Washington has grown accustomed to the unexpected, the unusual and even the bizarre during the presidency of Donald Trump. But is it ready for John Bolton, hero of the ""Resistance""?"
N1644,travel,traveltips,8 Secret Spots You Never Knew Existed in Disney Parks,Make your next trip even more magical.
N1843,tv,tvnews,Survivor Contestant Rudy Boesch Dies at 91 After Long Battle with Alzheimer's Disease,Survivor's Rudy Boesch Dead at 91
N34777,news,newspolitics,'This is a danger zone': Trump faces an existential test with evangelicals,
N20303,sports,football_ncaa,It's now 'officially' the U.P. of Wisconsin thanks to football,"Late Saturday night, the official Twitter account of the U.P. changed its name to ""The Upper Peninsula of Wisconsin."""
N51280,sports,football_ncaa,Is Rutgers headed toward another QB change after latest passing debacle?,"Fourth man up? Rutgers interim head coach/offensive coordinator Nunzio Campanile did not make a quarterback change during Saturday's 42-7 loss to No. 20 Minnesota, and he did not sound eager to consider one after the game. But his hand may soon be forced, and he seems to realize it. Campanile indicated he is sticking with redshirt Johnny Langan after the former Bergen Catholic star finished ..."
N14476,sports,football_nfl,Grading the Eagles: Much-needed high marks in big win over Buffalo Bills | Paul Domowitch,"Handing out Sunday's grades: Rushing offense The Eagles rushed for a season-high 218 yards and three touchdowns, including a 65-yarder by Miles Sanders out of a two-back, three-wide receiver package that they hadn't used this season. Jordan Howard rushed for 96 yards and delivered the block that sprung Sanders for his long TD. And Carson Wentz converted a third-and-1 quarterback sneak on one ..."
N13833,lifestyle,lifestylehomeandgarden,10 ways the average American home is different today than it was in the '60s,"While the typical American home in the '60s was filled with bright colors and wood paneling, a home today is more subdued and prioritizes comfort."
N27958,lifestyle,lifestylecelebstyle,Beyoncé's Halloween Costumes Through the Years,Someone please open a museum of her costumes.
N51173,finance,finance-real-estate,High prices drove home sales down in September,U.S. home sales fell by 2.2% in September as rising prices and lower inventories stifled buyers.
N56789,foodanddrink,videos,Why eating alone is the hottest new dining trend,"Americans are now eating nearly half their meals alone, and businesses are taking note of the growing trend. In the latest edition of ""Feel Good Fryer"" on TODAY, NBC's Joe Fryer finds that one key reason for solo dining is: People like it!"
N964,news,newsus,"Photos on hidden camera in hospital bathroom had images of bathroom from a different place, cops say","It's a two-pronged mystery for West Palm Beach police. Investigators are trying to determine who hid a small camera inside an employee bathroom at St. Mary's Medical Center and where the bathroom pictures found on the digital camera came from. The camera was found in an employee's restroom in the hospital at 901 45th St. on Oct. 3, police said on Wednesday. Detectives are seeking the public's ..."
N20600,lifestyle,lifestylepetsanimals,The Strangest Animal Found in Each State,"Whether they look funny, act weird, adapted awkwardly, sound strange, or just seem out of place (or from the pages of a science-fiction novel), these bizarre beasts earned their state's spot on the unusual list. The post The Strangest Animal Found in Each State appeared first on Reader's Digest."
N54434,sports,football_nfl,"Report: Mariota, Winston 'likely' done as 'franchise leaders'",Marcus Mariota and Jameis Winston are not only on the way out within their organizations; they're no longer seen as potential franchise passers.
N33667,travel,traveltripideas,Second Cities: The best destinations to visit from Amsterdam,"Welcome to TPG's Second Cities series, where we help you find amazing places that are only a couple of hours away from your original destination."
N15725,travel,traveltripideas,25 places you should visit off-season,"Any clever traveller will tell you that the best time to visit a popular destination is during the off-season, when the prices have gone down and the crowds have thinned out, but the weather remains pleasant. Best of all, locals tend to be far more welcoming of tourists during the low season, allowing for a more personal and authentic travel experience. With that in mind, here are 25 places you should visit off-season."
N35527,sports,football_nfl,3 Titans players to watch vs. Broncos,Here are three Titans to keep an eye on Sunday.
N17888,sports,golf,Tiger is back: Woods entertains fans at Nike store in Tokyo,Tiger Woods spent the day before Monday's Challenge: Japan Skins match entertaining fans at a Nike store location in downtown Tokyo.
N704,finance,finance-companies,Prologis to buy warehouse rival Liberty in $12.6 billion deal,Prologis to buy warehouse rival Liberty in $12.6 billion deal
N24137,news,newsus,Woman Dies After Head-On Collision In Brookline,One woman is dead following a two-vehicle accident in Brookline.
N6351,news,factcheck,Fact check: Trump makes six false claims in tweets on why he shouldn't be impeached,
N16480,lifestyle,lifestylebeauty,5 signs it's time to find a new nail salon,"From dirty nail tools to unsafe polish removal methods, these are the warning signs it might be time to find a new salon, according to experts."
N20931,sports,football_ncaa,Watch: Texas ties OU as true freshman Roschon Johnson rips off two stunning runs,"Texas is alive, thanks to true freshman Roschon Johnson. The running back, who started the year as Texas' third-string quarterback, ripped off a 58-yard run and then scored from four yards out on the next play."
N55779,news,newspolitics,Trump's Rallies Aren't Just Part of His Campaign. They Are the Campaign.,The president is banking on base-pleasing campaign events more meticulously produced this time to outweigh any need for a fresh message to skeptical voters and to counter a probe that threatens his political future.
N48000,movies,movies-celebrity,John Cena Donating $500K to First Responders Battling California Fires: 'Doing My Part to Help',John Cena Donates $500K to California Fire First Responders
N40070,foodanddrink,tipsandtricks,Unexpected ingredients that go great with eggs,"Scrambled eggs are one of the simplest ways to use an egg, but there's no better way to demonstrate its versatility than by mixing in these add-ins."
N4742,sports,baseball_mlb,Joe Maddon returns to Angels as new manager,"ANAHEIM, Calif. (AP)   Joe Maddon has agreed to become the Los Angeles Angels' manager. Maddon and the Angels agreed to terms Wednesday on a deal to reunite the veteran manager with the organization where he spent the first three decades of his baseball career. JEROME SOLOMON: Still darn good, Gerrit Cole pitches Astros to ALCS lead Maddon left the Chicago Cubs by mutual consent last month after they missed the playoffs for the first time in his..."
N45606,travel,traveltripideas,The Most Famous Hotel in Every State,Each of these iconic inns has a story to tell.
N56115,news,newsus,"Medicare fraud cases settled for $7.1M after knee braces, injections deemed unnecessary","Seven former Osteo Relief Institute clinics accused of billing Medicare for unnecessary knee braces and injections to treat osteoarthritis have agreed to pay more than $7.1 million in a settlement, the U.S. Justice Department announced Friday."
N31430,news,newsworld,Swiss glaciers shrink 10 percent in five years: study,"Switzerland's glaciers have lost a tenth of their volume in the past five years alone -- a melting rate unmatched during observations stretching back more than a century, a study showed Tuesday."
N16844,autos,autosnews,Lexus just revealed the pricing for its first-ever luxury yacht   and a fully-loaded model will cost $4.85 million. Here's a closer look at LY 650.,"The Lexus Sport Yacht Concept was first shown in January 2017, and the brand has finally delivered on making the LY 650 a reality."
N20711,foodanddrink,newstrends,A Suburb South of Boston Loses an Upscale Dinner Destination   and More Restaurant Closings,A weekly updated roundup of restaurant closings in and around Boston
N2449,finance,finance-career-education,US News: These NC Universities Are Among The Best In The World,New rankings from U.S. News & World Report evaluate the top universities in the world based on academic research and reputation.
N42916,health,wellness,How to make your firm mattress softer,New mattress too hard? Try these tips before you return it.
N54540,health,wellness,Mark Ronson Comes Out as Sapiosexual Here's What That Means,Someone who identifies as sapiosexual is attracted to another person's intelligence or mind.
N33408,travel,traveltripideas,27 natural wonders everyone should see in their lifetime,"From a pink lake in Australia to ice-blue terraces in Turkey, there are plenty of naturally-occurring phenomena to explore across the globe."
N40802,sports,football_nfl,Darius Slay's Detroit Lions tenure is destined to end soon. Here's why,"If the Detroit Lions don't want to give Darius Slay a new contract this offseason, it might be in their best interests to trade him."
N53451,travel,travelnews,Qantas test flight completes record 19-hour non-stop flight from New York to Sydney,"Australian airline Qantas has completed the longest non-stop commercial passenger flight, researching the potential impacts of ultra-long haul flights on pilots, crew and passengers."
N35907,foodanddrink,recipes,How To Make Hard Boiled Eggs In An Instant Pot (In Half The Time),An Instant Pot-obsessed viewer demonstrates how to hard boil eggs in your Instant Pot in just 6 minutes.
N3912,tv,tv-gallery,12 New Stars About to Burst Onto Your TV Screens This Fall,"The next George Clooney or Edie Falco might be a little-known actor getting their big break this year. This fall, here are the rising stars to watch."
N42527,entertainment,gaming,"Star Wars Jedi: Fallen Order trophies have already leaked, and they contain big story spoilers","Leaked online, the full list of trophies has"
N33207,autos,autosclassics,Do You Know Where This Mustang Is?,Bruce and Jean Houston want to find their 1969 Mach 1; can you help?
N8767,finance,finance-companies,Amazon's control of e-commerce has changed the way we live,"Amazon wasn't the first company to deliver items directly to consumers. But between 2000 and 2010, it was the only one that mattered."
N50010,sports,basketball_nba,"One win from title, Astros enlist Olajuwon, Drexler for first pitch","In 1995, Hakeem Olajuwon and Clyde Drexler were the cornerstones of the Houston Rockets' second NBA championship team."
N38446,sports,football_ncaa,"Kiffin reprimanded, fined for tweet blasting Conference USA officials",Lane Kiffin's social media use got him in some hot water after a tough loss to Marshall on Saturday.
N6163,lifestyle,lifestylehomeandgarden,25 photos of tiny living spaces around the world,"From ""coffin homes"" in Hong Kong to compact apartments in the US and Europe, here are some of the smallest homes from around the world."
N11592,travel,traveltips,"The biggest red flag to look out for when checking into a hotel, according to a professional traveller who has stayed in over 3,000","First impressions count, and Philippe Kjellgren explained to Insider why a hotel's check-in experience says a lot about the establishment."
N16873,news,newsus,New law allows minors in Oklahoma liquor stores,"A new law that went into effect Friday allows minors to enter liquor stores in Oklahoma as long as they are accompanied by a parent or guardian. Sign up for our Newsletters Bryan Kerr, the owner of Moore Liquor, said he and employees saw several come through the doors with their parents. ""We've already seen, gosh, at least a dozen people come in today, brought their kids in that normally would have to find care for those children,"" Kerr said...."
N60669,news,newsworld,"Everything we know about Thailand's eccentric King Rama X, who married his bodyguard, gave his dog a 4-day funeral, and is legally immune from bad press","Little is known about the royal family in Thailand, which has strict laws forbidding people from defaming the King Maha Vajiralongkorn and his family."
N44178,sports,football_nfl,Ravens vs. Seahawks: Bold Predictions,"Following back-to-back divisional wins over the Pittsburgh Steelers and Cincinnati Bengals, the Baltimore Ravens (4-2) now travel to Seattle to face the Seahawks (5-1). Winning in Seattle before an upcoming bye week is crucial for the Ravens, as they look to further distance themselves in the divisional race. Spencer Schultz: Neither team is able to find the end zone in the first half, and despite rumblings of a shootout, the two teams combine..."
N46502,sports,golf,2019-20 PGA Tour tournament winners,Check out all the winners on the PGA Tour in the 2019-20 season.
N10013,autos,autosenthusiasts,The one and only Chevy eCOPO Camaro electric drag-racer is for sale,"After serving its life as a development vehicle, the eCOPO is off to find a new home."
N14629,lifestyle,advice,Help! My Friend Is Getting Married on a Southern Plantation. Can I Skip It?,"I don't want to make it seem like I'm putting her down, but I'd prefer not to attend an event that's taking place there."
N37472,sports,racing,Truex Jr.: 'I can't believe we just won Martinsville',"Martin Truex Jr. celebrates in front of the fans after winning at Martinsville Speedway, securing his spot in the Championship 4 at Homestead-Miami Speedway."
N9220,news,newsworld,"What every Michigander needs to know about Canada, Justin Trudeau","While U.S. presidential politics dominated American airwaves, across the Detroit River, Canadians had a more civil but important election."
N34476,lifestyle,lifestylebeauty,The 15 Best Hairstyles With Bangs to Try Right Now,Take a cue from some of your favorite celebs.
N20312,news,newsus,Man accused of peeping into bathroom stalls in Long Island Verizon building,
N7212,movies,movievideo,Trailer - Ad Astra,Trailer 3
N18062,sports,football_ncaa,Bowl projections for Minnesota after Week 9,"Gopher fans may dream of Pasadena, but the experts predict a flight to Florida"
N31931,news,newscrime,Florida man arrested in beating death of peeping Tom,Victor Vickery had been in bed with his girlfriend when they heard a man with a history of peeping at their window.
N9615,health,fitness,How David Boreanaz Stays 'Seal Team' Fit at Age 50,"Boreanaz, who doesn't seem to have aged, is in incredible shape (maybe he really is a vampire?), and must maintain it in order to play such a nonstop character."
N35827,lifestyle,lifestylehomeandgarden,Here's How Halloween Decor Has Changed Over the Years,Warning: the 1800s were especially spooky.
N59440,finance,markets,Can an inheritance be too big?,"Some wealthy parents are concerned that after a certain point, money passed down will be damaging to the next generation."
N47186,sports,football_nfl,Report: Jaguars QB Gardner Minshew could be playing for his job Sunday,Minshew has taken Jacksonville by storm in 2019 but veteran Nick Foles is almost ready to return from a shoulder injury.
N46131,sports,football_nfl,Jets looking to trade Le'Veon Bell before Tuesday deadline: sources,"Could Le'Veon Bell's time with the Jets already be coming to an end? The Daily News has learned that Gang Green is amenable to dealing the perennial Pro Bowl running back for the right price before the 4 p.m. trade deadline. Although it's unclear what that price tag has been during discussions, there are legitimate buyers. The Jets would unload a big salary as general manager Joe Douglas looks to reshape the roster. Keep an eye on the Texans,..."
N40724,health,wellness,Amy Schumer Shares 10-Pound Weight Loss on Instagram After Jessica Simpson Goes Viral,Jessica Simpson made headlines for losing 100 pounds in six months after giving birth. Amy Schumer says she's lost 10 pounds and $100 to her sister playing poker.
N9868,sports,football_nfl,"Patriots 27, Browns 13: 10 quick thoughts from milestone win","FOXBOROUGH -- The Patriots got their biggest test since Week 4 in Buffalo, and they passed. While it wasn't their most dominant performance in the last several weeks, led by their defense, the Patriots beat the Browns 27-13 at Gillette Stadium to improve to 8-0 on the year. The win was No. 300 overall for Bill Belichick. Here are 10 quick thoughts on the game. 1. The Patriots defense was the story again. It finished with five sacks, an..."
N30417,finance,financenews,Can Gov. Gretchen Whitmer's OT plan help workers?,Gov. Gretchen Whitmer last week proposed a change in state rules making more salaried workers eligible for overtime pay.
N24024,tv,tv-gallery,The most significant TV show debuts by year for the last 25 years,"Every year, dozens of new TV shows debut. That's especially true in this modern era of streaming, when places like Netflix seem to have a new show every day. We've looked back at the last 25 years of television to find the most significant show that debuted in each of those years."
N33604,news,newsus,"California is first state to ban the sale of fur clothing, beginning in 2023","SACRAMENTO   People in the market for mink coats or chinchilla vests will soon need to shop elsewhere, now that California will become the first state in the nation to ban new fur clothing."
N8500,autos,autossema,Toyota Supra 3000GT Concept Has Big Fenders and an Even Bigger Wing,TRD will reveal the full car at SEMA next month.
N27608,news,newsworld,Trump says likely Baghdadi successor killed by U.S. troops,President Donald Trump said on Tuesday the U.S. military had killed the person who likely would have succeeded Abu Bakr al-Baghdadi as the leader of Islamic State.
N13061,sports,more_sports,"Manuel Diaz, Sophie Chevrier win Ironman 70.3 Arizona triathlon titles","Manuel Diaz of Phoenix won Ironman 70.3 Arizona on Sunday, the first half Ironman title for the native Spaniard."
N18977,health,weightloss,How Woman Lost 280 Pounds Naturally!,"Through exercise and diet, April lost 280 pounds in three years."
N4145,movies,movies-gallery,1980s blockbusters that are being resurrected   whether you like it or not,"From sci-fi thrillers like ""Dune"" to classic, campy films like ""Clue,"" plenty of films from the '80s are set to get an update."
N25300,travel,traveltripideas,"I stayed in one of Italy's ghost towns that's selling off homes for $1, and I was treated like royalty","I stayed in Sambuca, the charming Sicilian town which has received the most widespread media coverage for its $1 housing scheme."
N59872,weather,weathertopstories,"Fire In Moffat Destroys 3 Homes, Building",Investigators in the town of Moffat in the San Luis Valley are trying to figure out what started a fire on Tuesday afternoon that wound up destroying an entire city block.
N162,lifestyle,lifestylepets,Looking to adopt a pet? Here are 5 lovable kitties to adopt now in St. Louis,See listings of cats up for adoption at pet adoption centers in and around St. Louis.
N9106,sports,basketball_ncaa,"Kentucky, Louisville basketball recruiting: Devin Askew may reclassify",Mater Dei High School point guard Devin Askew is one of the top recruits for Louisville and Kentucky basketball. And he's not ruling out reclassifying
N14341,foodanddrink,tipsandtricks,How to Clean Your Dingy Baking Sheets So They Look Like New Again,"Welcome to Cookware Week! We're sharing our favorite cookware sets, accessories, and kitchen appliances, plus intel on how to care for all of it, the best recipes to make with every piece, and exclusive sales for Chowhound readers. Baking sheets are somewhat of a point of contention in my house. You see, I have my nice, big, pristine aluminum baking pans, and if you don't know how to clean cookie sheets the right way, you don't get to use my..."
N11723,news,newsus,"Remembering Elijah Cummings, a man who built bridges","Meet the Press remembers Rep. Elijah Cummings, who passed away this week."
N4032,video,viral,Truck driver performs incredibly dangerous maneuver,"A risky maneuver was filmed on a road in Brazil. Watch as the truck breaks at high speed and then rocks the trailer from side to side, lifting the wheels off the road. This challenge is known in Brazil as ""quebra de asa""."
N14442,sports,baseball_mlb,Saturday open thread,An open thread for the first weekend without baseball.
N47326,autos,autosenthusiasts,Do It For The Gram II: 15 Most Popular Supercars On Instagram,
N60604,foodanddrink,restaurantsandnews,Open all hours: the best 24/7 restaurant in every state,"Craving a late-night feast? Whether you're after a belly-busting breakfast or some post-bar comfort food, the USA has plenty of spots to fill you up after hours. From retro-style diners to low-key Mexican joints, we've picked the best 24-hour restaurant in every state."
N28119,sports,baseball_mlb,Why Game 5 could have been Gerrit Cole's last with the Astros,
N31224,news,newsus,"Shepard Smith's departure from Fox News could further push out facts, staffers fear",As soon as Shep Smith's departure from Fox News was emotional enough as is -- he didn't want a tearful goodbye in his studio or the newsroom.
N57140,sports,football_nfl,NFL Draft: Ranking the 30 quarterbacks selected in the first round in this decade,NFL Draft: Ranking the 30 quarterbacks selected in the first round in this decade
N27395,lifestyle,lifestylebuzz,Fans flock to the 'Joker' stairs in the Bronx for perfect Instagram picture,
N5873,travel,traveltripideas,17 Historic and Unusual Post Offices Across America,"You don't have to be a fan of snail mail to appreciate these historic, quirky, and awe-inspiring places to send a letter. Some date back to the early 1800s and some still move the mail the same way it was delivered in the 19th century. Take a look and see if these post offices don't earn your stamp of approval."
N1761,news,newsworld,"Security forces kill protester in Iraq, wound dozens","Iraqi security forces fired tear gas and live ammunition to disperse thousands of anti-government protesters Saturday, killing at least one and wounding more than 200 in the capital Baghdad and in the country's south, police officials and a semi-official human rights commission said."
N42421,finance,finance-retirement,Disaster looms as only half of Gen X saves for retirement,"Americans tend to earn the most money from their late 30s to early 60s, making it a crucial period for socking away extra income for retirement."
N60724,lifestyle,voices,I'm A Queer Woman Dating A Trans Man   & No One Knows,"I'm a queer woman partnered with a transgender man, but everyone assumes we're a heterosexual couple. On the surface, we're the quintessential Brooklyn duo: We have tasteful tattoos and piercings, we shop at food co-ops, we attend spin class together, and we're creative yet gainfully employed. But while this relationship afforded me the privilege of banal nonconformity, I lost a piece of myself when I got together with my once-gym buddy, James...."
N25156,health,nutrition,Nuts May Be the Key to Preventing Weight Gain Here's How to Maximize Their Benefits,"A new study from Harvard University found that an increased intake of nuts was associated with less weight gain, despite being calorically dense."
N20393,lifestyle,voices,I Used to Clean Houses. Then I Hired a Maid.,"I know how grueling the job can be, and I swore I'd never ask someone to do it for me. But then I found myself in need of help."
N54298,lifestyle,lifestyledidyouknow,These Stunning Photos of Fall Foliage Remind Us Why We Love Autumn,Warning: serious fall vibes ahead.
N28323,entertainment,celebrity,"From Dust in a Cup to Belly Buttons, Here Are All of Hollywood's Strangest Fears and Phobias",We would have never guessed
N25180,foodanddrink,foodnews,Libby's just made a big change to its classic pumpkin pie recipe,The go-to dessert recipe for many Thanksgiving parties has been updated for the first time in decades.
N4643,tv,tv-celebrity,Julianne Hough Mourns the Deaths of Her Two 'Babies' Lexi and Harley: 'I Am Forever Grateful',Julianne Hough Mourns the Loss of Her Two 'Babies' Lexi and Harley
N40628,health,medical,When Not to Get Your Flu Shot,There are certain times when a flu shot may be more dangerous to you than the illness itself.
N62539,news,newspolitics,Mueller interview notes obtained by CNN show Trump's push for stolen emails,"President Donald Trump and other top 2016 Trump campaign officials repeatedly privately discussed how the campaign could get access to stolen Democratic emails WikiLeaks had in 2016, according to newly released interview notes from Robert Mueller's special counsel investigation."
N59011,sports,football_nfl,Arthur: The Seahawks haven't proved that they're contenders yet,"The 2019 Seahawks are a good team. They've been really good in spurts. But they're not a great team. Not right now, at least. The Atlanta game Sunday offered the latest example. After a 24-0 shutout of the Falcons through 30 minutes, where they dominated both sides of the ball, their sharpness evaporated. Seattle's defense was exposed by Atlanta's offensive outburst, and the offense left its firepower in the first half. What should've been a..."
N23984,autos,autosmotorcycles,25 Iconic Motorcycles From the Past 125 Years,"Legendary brands like Harley-Davidson, Honda, Indian, and Triumph have left indelible marks on motorcycle history with bold, powerful, aesthetically breathtaking bikes. See if any of your favorites are here and find out which manufacturers laid tracks before them."
N4236,lifestyle,lifestylefamilyandrelationships,"6 problematic things parents do that can make their children insecure, withdrawn, drug-dependent, or otherwise worse off as they grow up","When a parent is stressed, depressed, abusive , or over-involved, their kids respond   with mental health impacts for a lifetime."
N60489,news,newsscienceandtechnology,Amazon fish wears nature's 'bullet-proof vest' to thwart piranhas,Amazon fish wears nature's 'bullet-proof vest' to thwart piranhas
N14017,sports,mma,UFC on ESPN 6 matchmaker: Who's next for Chris Weidman after loss to Dominick Reyes?,"MMA junkie's Mike Bohn plays matchmaker and looks ahead to what makes sense for Chris Weidman in this edition of ""Sean Shelby's Shoes."""
N43462,entertainment,entertainment-celebrity,A Year of Wins! MLS Stars Alex Morgan and Servando Carrasco Expecting a Daughter,Alex Morgan and Servando Carrasco Expecting Daughter
N51204,news,newsus,Anderson leaders anticipate AU football to 'spur the economy',Anderson University's plans for a football program are expected to have a positive impact on the greater Anderson community.
N54907,weather,weathertopstories,"Nearly 50,000 ordered to evacuate Los Angeles-area homes as Tick Fire picks up speed, jumps freeway","Nearly 50,000 people near Los Angeles are evacuating due to the Tick Fire; meanwhile in northern California, the Kincade Fire has grown to 25 miles."
N34721,news,newsus,Officials eye explosion at California fuel site after quake,Officials were trying to determine Wednesday if a 4.5 magnitude earthquake triggered an explosion at a fuel storage facility in the San Francisco Bay Area that started a fire and kept thousands of people in their homes for hours because of potentially unhealthy air.
N12100,sports,football_nfl,Panthers attempt rare fair catch kick against Bucs in London,"If fans in London were confused by what was going on to close out the first half of Sunday's game between the Carolina Panthers and Tampa Bay Buccaneers, they certainly were not alone."
N19220,lifestyle,lifestyleroyals,55 Photos of the Spanish Royal Family Then and Now,They've always been so photogenic.
N13746,sports,basketball_nba,"High school jersey LeBron wore on 'Chosen One' SI cover sold in auction for $184,500","The high school jersey that LeBron James wore on the ""Chosen One"" Sports Illustrated cover sold in auction for $184,500."
N64403,music,music-celebrity,Kanye West Says He Got a $68 Million Tax Return,"When the 405 freeway gets to be too much, take to the skies. James Corden welcomed Kanye West to ""The Late Late Show"" Monday, when the rapper-turned-gospel artist welcomed the CBS host to his gigantic airplane. This one, the setting for the first ever ""Airpool Karaoke,"" comes complete with a 100-person choir."
N37983,sports,baseball_mlb,Nationals on ropes after another home World Series loss in Game 5,"After losing the first two games of the World Series, the Astros have won the last three and are now on the brink of a World Series title."
N45955,foodanddrink,tipsandtricks,We Tried 13 Kinds of Store-Brand Mac and Cheese and These Are the Best,"Find out which store-brand macaroni and cheese boxed dinner tastes the most like Kraft and Annie's. We tested mac and cheese from Walmart, Target, Aldi, Trader Joe's, Whole Foods, H-E-B, and Randall's to find the best macaroni and cheese, shells and cheese, and organic white cheddar varieties."
N49821,tv,tv-gallery,"The 20 best TV shows of 2019 so far, according to critics","The best TV shows of the year so far, according to critics, include HBO's ""Chernobyl"" and Netflix's ""When They See Us."""
N31585,finance,finance-companies,Industries that will struggle to survive the next 20 years,"Industries have always come and gone thanks to changes in society. Whether it's down to advances in technology, lack of demand or government policies, no sector is completely safe."
N7503,sports,football_nfl,Packers wide receiver Davante Adams to miss Monday's game with toe injury,Adams has been dealing with a painful toe injury and their is no timetable for his return.
N41882,health,wellness,The Most Obese City in Every State,It is old news that obesity is a major problem in this country today.
N35000,video,news,Rep. Titus: Evidence for Trump's removal 'just keeps building',"Following 100 hours of closed-door testimony from 13 witnesses, the House impeachment probe is set to enter its public phase. Rep. Dina Titus (D-NV), who has sat in on several of those hearings, joins Alex Witt to discuss her biggest takeaways from those depositions."
N53688,news,newsworld,3 US diplomats detained near secret Russian military training ground: officials,"Three U.S. diplomats were removed from a train and detained Monday near a mysterious military site in northwestern Russia where a deadly explosion and radiation leak took place, according to officials."
N46816,finance,financenews,Answer Man: Huge elms at Fuddruckers to be cut down? Free firewood?,"A reader asks about two huge, old elms at Fuddruckers and if they're going to be cut down."
N39417,news,newsus,They murdered this woman: Texans outraged after an officer shoots a black woman in her own home,Atatiana Jefferson's neighbor asked police to check on her open door. A responding Fort Worth officer fatally shot her through a window.
N47868,video,news,These are the deadliest mass shootings in modern US history,These are some of the deadliest single day mass shootings in US history from 1966 to the present.
N45354,news,newspolitics,Impeachment has put Trump in a different place. He's showing it every day.,"With tweets, speeches and exchanges with reporters, the president has amped up his combativeness in the face of the impeachment inquiry."
N14358,weather,weathertopstories,"South-central US to face nighttime severe storms, isolated tornadoes at end of weekend","Severe thunderstorms with the potential for isolated tornadoes will threaten the south-central United States after dark on Sunday. The necessary ingredients for thunderstorm development are not expected to come together until Sunday evening, leaving the afternoon hours dry, sunny and very warm across the region. However, weather conditions are predicted to change rapidly after sunset."
N41643,health,weightloss,This Guy Overcame Depression to Hit the Gym and Lose More Than 200 Pounds,"Andrew Goldblatt's turning point came when he had a seizure in his bedroom. Paramedics rushed to help, but because of Goldblatt's size, they had no way to get him to the hospital."
N122,finance,financenews,"LIVE UPDATES: 'I went into warrior mode,' Markeith Loyd concludes testimony, defense rests its case","Markeith Loyd is on trial in Orange County, facing a first-degree murder charge in the shooting death of his pregnant ex-girlfriend, Sade Dixon."
N45847,finance,finance-companies,LVMH wants to buy Tiffany's for $14.5 billion,"Tiffany & Co. could be a crown jewel for French luxury powerhouse that owns Louis Vuitton, Dior, Givenchy and more"
N29695,autos,autosenthusiasts,Crate Coyote: Breaking 600hp With a TB & Ported Intake!,Car Craft breaks the 600hp barrier on Ford Performance's Gen 3 Coyote crate engine with help from a bigger throttle body and ported intake.
N50048,autos,autostrucks,Roush Claims F-150 Nitemare Is 'World's Quickest Production Truck',"It goes 0-60 in 3.9 seconds, but there are some catches."
N13292,news,newsus,Detectives investigate potential threat at Westland Middle School in Maryland,"Montgomery County police confirmed detectives are investigating a death threat at Westland Middle School in Bethesda. Police said detectives are working with Montgomery County Public Schools to investigate the potential threat. There may be an increased presence of police officers at the school Tuesday out of an abundance of caution, police said. Andrea Rinaldi's daughter goes to the middle school. She kept her daughter home from school because..."
N52221,sports,football_nfl,Report: Alex Smith had 17 surgeries to repair broken leg,The Redskins quarterback revealed recently that he had many more surgeries on his broken leg than the six that were previously reported.
N54405,video,viral,Woman Who Said She Was Too Pretty for Jail Gets No Time,"Lauren Cutshaw went viral last year when she said she was too pretty to go to jail after she was arrested for DUI. The judge in her case seems to agree as Cutshaw, 34, is being given a sweet deal, including no time behind bars. She even gets to keep her driver's license. Cutshaw, a real estate agent from South Carolina, was pulled over after blowing through a stop sign at more than twice the speed limit on Aug. 5, 2018. Her bratty whining on the way to jail caused the incident to go viral."
N40490,movies,movienews,Sienna Miller hits out at 'dangerous' trend of type-casting actors to fit roles - 'liberal is becoming almost fascistic',"In an interview the American-British actor, 37 opened up about her opinions on the film industry, criticising the 'whitewashing' of roles. She also said she called Harvey Weinstein 'Pops'."
N48120,foodanddrink,foodnews,Why Using Your Microwave's Popcorn Button Is a Bad Idea,"Pressing the ""popcorn"" button couldn't be easier, but it almost definitely won't yield the best popcorn. Here's what you should do instead."
N50187,news,newsopinion,Grover Norquist: Elizabeth Warren wants to raise taxes for middle-class Americans   Not just the rich,Elizabeth Warren fashions herself a serious policy person who will level with the American people. But she's just another tax-and-spend liberal who has a problem telling the truth.
N10839,news,newsus,"Tree of Life Synagogue to reopen as ""symbol against hatred""",Pittsburgh synagogue is the site of a 2018 mass shooting where 11 people were fatally shot.
N19931,news,newsbusiness,'Disaster after the disaster:' Fighting insurance over tornado damage,"Insurance companies have become an obstacle to some people rebuilding from the Memorial Day tornadoes, a Dayton Daily News investigation found."
N51409,autos,autosnews,Mini Countryman Facelift Spied Hiding A Little Secret,Minor visual tweaks are coming for the 2021 model year.
N50304,sports,more_sports,DOWLING CAPITALIZES ON WILD FINISH TO SCORE TTOMS VICTORY AT SEEKONK; WILLIAMS CROWNED SERIES CHAMPION,"? Chase Dowling (Credit: NASCAR Hometracks photo.) Source: Dale Wolbrink/TTOMS PR Media Contact: Dale Wolbrink, 508.847.0565, r Rookie Gluchacki Cashes in For LM Win; Hopkins PASS Winner Seekonk, Mass. (October 26, 2019): Like any good Halloween haul, there was a mixed bag following the second annual Haunted Hundred for the Tri-Track Open Modified Series (TTOMS) at Seekonk Speedway on ..."
N16495,sports,basketball_ncaa,"Michigan basketball has changed a lot in 2019, but here's what's the same: Zavier Simpson","Zavier Simpson dished out 11 assists in Michigan basketball's exhibition victory over Saginaw Valley State, most of which came in transition."
N17771,health,medical,The 37 Worst Pieces of Skin Care Advice Dermatologists Have Ever Heard,"When it comes to skin care, (expensive!) myths abound. Here, top dermatologists share how to separate fact from fiction."
N8928,weather,weathertopstories,U.S. cities with the cleanest air,"The U.S. Environmental Protection Agency collects data on the air quality in American cities every year, and it turns out, residents in some places breathe easier than those living in other parts of the U.S. Stacker analyzed EPA's 2018 Outdoor Air Quality Data to bring readers this gallery featuring the top 50 U.S. cities with the cleanest air."
N53224,movies,movies-gallery,The greatest acting one-hit wonders,"We often talk about one-hit wonders in music (shout out to Natalie Imbruglia, Men Without Hats and the rest of the gang). However, there are acting one-hit wonders too. For this exercise, here is how we are defining an acting one-hit wonder."
N52018,news,newsworld,Trump's Abrupt Shifts in Middle East Unnerve U.S. Allies,"President Trump's surprise acquiescence to a Turkish incursion into northern Syria this week has shaken American allies, and not just because it was a betrayal of a loyal partner. What alarmed them even more was his sheer unpredictability."
N40091,news,newsus,"Census Bureau Seeks Driver's License Data, Including Citizenship And Eye Color",The U.S. Census Bureau has asked several states to turn over driver's licenserecords that include personal data like eye color as part of President DonaldTrump's effort to obtain citizenship data.The Census Bureau said Tuesday that it requested the information as part ofits effort to use existing government records to compile data on citizenship.The agency said it was requesting the records to comply with Trump's Julyexecutive order asking it to...
N36682,lifestyle,lifestylehoroscope,Your Weekly Horoscope: 21st - 27th October,Find out what's in store for you this upcoming week and make it a great one!
N44047,sports,basketball_ncaa,Bill Self on job status as NCAA investigates Kansas? 'I'm really not concerned',"Kansas received an NCAA notice of allegations in late September, in the wake of accusations of major violations tied to recruiting."
N30179,health,video,Jillian Michaels shares how changing her diet helped her PCOS,"Health and fitness expert Jillian Michaels is opening up about struggling with the hormonal disorder PCOS (polycystic ovary syndrome) as a teenager. Michaels learned she had PCOS at 15 years old in an ""incredibly painful"" way. ""I discovered it because I had a cyst burst on one of my ovaries,"" Michaels shares with Yahoo Lifestyle."
N2472,video,news,World Series champion Nationals parade through downtown DC,The Nationals begin their three-day World Series celebration with parade and rally in Washington D.C.
N13104,weather,weathertopstories,"Denver Weather: Second Storm Hits Sooner Than Expected With More Snow, Record Cold",Snow has returned to the Front Range on Tuesday and will continue through the evening commute. Meanwhile temperatures remain in the deep freeze.
N39932,news,newsfactcheck,Trump's false claim that the rules for whistleblowers were recently changed,"Trump jumped on a report about the change in an online form, but the rules are set by laws and procedures set in place years ago."
N4730,lifestyle,lifestylebuzz,Thousands celebrate Diwali in Edison's new temple,"Step into Edison's BAPS Shri Swaminarayan temple on Sunday, and the first thing you notice is the thousands of people gathering for a Diwali celebration. The second thing you notice is the colors. Hundreds of blue and yellow sweets -- an offering to god -- are stacked high on red risers. Pink and orange sand creates swirling patterns on the floor. Women in purple, green and gold saris serve ..."
N24343,news,newspolitics,5 takeaways from Colorado's 2019 election,The Denver Post politics team puts a fascinating night in Colorado politics into context.
N54822,health,nutrition,"If You Don't Eat a Banana Every Day, This Might Convince You to Start","An apple a day keeps the doctor away? Not so much. Try this fruit, instead."
N28861,lifestyle,voices,"I'm a College Instructor, and This Is the 1 Thing I Wish More Students Did","If there's one piece of advice that I wish someone would have given me before I started college, it's that I should have gone to the office hours to meet with my professors more."
N40447,autos,autossports,Porsche 911 GT3 Touring Spied Showing Off Its Smoother Styling,Porsche keeps the camouflage fairly light but still conceals the major differences from the standard GT3.
N44321,lifestyle,lifestylebuzz,Greensboro Woman Doing Her Part to Help The Less Fortunate,"Teairra Coleman recently moved to Greesnboro, and one thing she has noticed in her time being here, there are quite a few homeless people who aren't getting the help they need. So Teairra decided to step up. She came up with the idea to create care packages for those transit riders that are homeless. These care packages are to include simple everyday hygiene products that those less fortunate may have an issue obtaining. Coleman also took to..."
N62372,news,newsus,Edward Snowden says he found no evidence of aliens in government databases,"Whistleblower Edward Snowden said that he searched databases before he left his job as a contractor for the National Security Agency (NSA) and found no evidence that the government was hiding the existence of aliens.""I know you want there to be aliens,"" Snowden told Joe Rogan during an interview for the ""Joe Rogan Experience"" podcast released Wednesday. ""If we are hiding them - I had ridiculous access to the networks of the NSA, CIA, military,..."
N36300,finance,finance-savemoney,23 Ways You're Wasting Money at Costco,"The warehouse club can save you money, or it can cost you money if you're not careful."
N8763,sports,baseball_mlb,3 Free Agents the Yankees Should Avoid This Offseason,"The Yankees fell just a couple games short of making their first World Series since 2009 this year, and they'll assuredly be back for more in 2020. With their core intact and plenty of money to spend, there's a good chance they'll make a splash or two in free agency this offseason. They just need to avoid making the mistake of signing any of these guys."
N52941,sports,basketball_nba,LeBron brings back iconic pre-game chalk toss,LeBron James teased that he would bring back his pre-game chalk toss and did just that during the Los Angeles Lakers trip to China.
N51736,autos,autosenthusiasts,2020 Ford Mustang Shelby GT500: 8 More GT500 Engine Nuggets,The more you know...
N49185,sports,baseball_mlb,"Arizona Fall League Roundup: Royce Lewis, Fall League MVP",The Twins' top prospect earned some major prospect cred this fall
N13861,kids,fun,Why Americans Use Fahrenheit Instead of Celsius,"Why is there more than one system of measuring temperature to begin with, and why does the United States use the far less common one?"
N17009,tv,tv-gallery,50 Celebrities You Definitely Forgot Busted a Move on 'Dancing With the Stars',Probably the only time you'll ever see Zendaya and Honey Boo Boo on the same list.
N2164,foodanddrink,recipes,The Best Pumpkin Recipes from Across America,Which pumpkin dish earns top marks in your neck of the woods?
N18648,video,animals,Record Breaker! 18-Foot Burmese Python Captured In Florida,Florida's Fish and Wildlife Conservation Commission announced a record-breaking python catch.
N51238,sports,football_nfl,Why the Patriots made a very un-Patriots trade for Mohamed Sanu,The Patriots haven't traded a second-round pick for an age 30 player since ... Corey Dillon.
N39055,tv,tv-celebrity,'Big Brother' star Cassandra Waldon dead at 56,'Big Brother' star Cassandra Waldon died at the age of 56 in September
N10711,news,newsworld,Trump: Erdogan's decision 'didn't surprise me',"Turkey launched an offensive against the Syrian Kurdish forces that the U.S. armed and fought alongside against ISIS, a group Turkey considers a terrorist organization."
N63049,news,newsus,Dangerous Diablo winds fueling Kincade fire with wind gusts up to 76 mph,"Forecasters had been warning for days that dangerous Diablo winds were coming. Now, those conditions have rapidly spread a monster fire in Sonoma County. The Kincade fire was burning out of control, consuming 10,000 acres in just a few hours. Officials expected fire conditions in the Bay Area to improve Thursday afternoon, but smoke issues across the region will worsen Friday. A second round of extreme fire weather will return to the region on..."
N21595,lifestyle,lifestyleroyals,The Sweetest PDA Moments from Harry and Meghan's Royal Tour of Southern Africa,"Clearly, the Duke and Duchess are still very much in love."
N9432,weather,weathertopstories,Rain tapers off ... but another round is on the way,Soaking rain and a big drop in temperatures arrives.
N23833,finance,finance-savemoney,17 moves that will make   or save   you money,1
N63103,lifestyle,lifestylehomeandgarden,30 Major Design Mistakes That Everyone Should Avoid,You may be committing a design crime without even realizing it.
N58932,autos,autosnews,NYC's congestion pricing program moves forward as MTA inks contract with company to install tolling tech,"The MTA's plan to heavily tax cars driving in the busiest parts of Manhattan is taking shape. The agency on Friday announced Tennessee-based technology company TransCore has been awarded a $507 million, seven-year contract to ""design, build, operate and maintain"" the tolling infrastructure that will enforce New York City's congestion pricing scheme. The tolling system will not go live ..."
N28392,news,newsoffbeat,Racially-offensive Halloween display enrages Brooklyn neighbors,"A Brooklyn art studio owner is under fire for a racially-explosive Halloween window display that featured brown paper dolls that appeared to be hanging by their necks from strings. Among the neighbors and passersby offended by the Clinton Hill decorations were neighbors were administrators at nearby Public School 11, who asked the homeowner to take them down. The chagrined studio ..."
N48563,music,musicnews,"Miranda Lambert announces Bridgestone Arena show, new Wildcard Tour","Miranda Lambert will play Bridgestone Arena in January on her new Wildcard Tour. Support acts include LANCO, Cody Johnson and Randy Rogers Band."
N34473,tv,tv-celebrity,"'Chrisley Knows Best' Stars Had 'Lengthy Scheme' To Hide Income, Lied To The IRS Says Prosecutors",New Details Of Scandal
N58090,sports,football_nfl,Frustrated Antonio Brown has active morning on Twitter,"Receiver Antonio Brown continues to wait for his next opportunity, and he continues to be justifiably frustrated by the fact that the NFL's slow-moving investigation is essentially keeping Brown suspended without pay."
N13360,sports,football_ncaa,"Fromm, Georgia beat Florida 24-17 in 'Cocktail Party'","Jake Fromm picked apart Florida's defense for the second straight year and No. 8 Georgia beat the sixth-ranked Gators 24-17 in the ""World's Largest Outdoor Cocktail Party"" on Saturday."
N25195,news,newspolitics,Trump smacks down Graham after latest Syria broadside,"President Donald Trump on Wednesday lashed out at Sen. Lindsey Graham, marking the latest salvo in the pair's clash over Trump's sudden withdrawal of U.S. troops from northern Syria."
N41998,sports,football_nfl,Redskins vs Dolphins Inactives: Colt McCoy won't play today!,Who's out vs the Dolphins?
N59727,sports,racing,Kevin Harvick to surpass an Earnhardt milestone at Talladega,Kevin Harvick's NASCAR career doesn't appear to be ending anytime soon but it will reach an interesting milestone on Sunday.
N36539,sports,football_nfl,Watson's 3 TD passes lead Texans over Raiders 27-24,"Deshaun Watson threw for 279 yards and three touchdowns, including the go-ahead score in the fourth quarter to lift the Houston Texans to a 27-24 win over the Oakland Raiders on Sunday."
N11678,lifestyle,lifestyleroyals,"THEN AND NOW: What Kate Middleton, Meghan Markle, and the other royals looked like the year they married into the world's most famous family","A lot has changed for Kate Middleton and Meghan Markle since they entered into the royal family in 2011 and 2018, respectively."
N2970,video,viral,House teetering on cliff is being demolished (VERY carefully),"In Wisconsin, a delicate operation is underway to demolish a three-bedroom house that's been dangling at the edge of a cliff since last year. The owners moved out after the shoreline eroded."
N46133,lifestyle,lifestylehomeandgarden,98 Easy Fall Crafts You Can Do Right Now,"Pine cones, pumpkins, burlap and more! These are our favorite fall crafts you can DIY today."
N26029,health,nutrition,Should you be eating deli meats? Here's what you need to know,"With its processed reputation, deli meat is not making many ""clean eating"" lists these days. But is it really that bad for you?"
N58030,tv,tv-gallery,The most famous game show hosts,Take a look back at the most beloved game show hosts of all time.
N44061,finance,markets,"In manufacturing Midwest, signs of trouble amid good times",A Wisconsin town shows the disparate fortunes of global and U.S. consumer markets as the economy starts slowing.
N13560,lifestyle,voices,"Decorating For the Holidays Just Isn't Worth It to Me or My Kids, So I'm Not Doing It","Thanks to Pinterest and Instagram, I (and all my friends that I've talked to) have begun to feel an urge to create the perfect-looking home, especially around the holidays."
N60963,weather,weathertopstories,Tropical depression 17 forms in the Gulf of Mexico,A tropical depression has formed in the Gulf of Mexico.
N47487,sports,football_nfl,5 reasons to watch Tailgate 19,
N34536,autos,autossports,What's the Deal With the Toyota Supra?,A tale of two cars and two roads
N38114,news,newsus,500K lose power as PG&E continues mass shutoffs,"PG&E has shut off the power to around 500,000 customers to reduce the risk of its equipment sparking wildfires in windy weather. The power shutoffs will impact portions of 29 counties across northern and southern Sierra, North Bay, Bay Area and Santa Cruz mountains, north coast and Kern County, the utility said Monday. The following counties will be impacted by the power shutoffs: (Can't see the map below? Tap here)..."
N50333,lifestyle,shop-holidays,100+ Funny White Elephant Gifts That'll Leave Everyone Laughing Hard This Holiday Season,The pressure is on!
N20248,news,newsoffbeat,"Gov. Cuomo orders investigation into government-funded Bronx building after Daily News uncovers house of horrors plagued by bedbugs, drug dealers","Gov. Cuomo ordered an investigation Saturday of a government-subsidized Bronx building after the Daily News exclusively reported complaints of bedbugs and drug dealers -- and management that couldn't care less. Cuomo's office vowed to look into the allegations about the building at 3677 White Plains Rd. ""The alleged conditions in this apartment building are horrifying and completely ..."
N8396,sports,football_nfl,Raiders lose to Texans on Deshaun Watson's TD pass,"HOUSTON   Edge rusher Arden Key sat at his locker after the Raiders' 27-24 loss to the Texans on Sunday evening wearing a red tracksuit and the memory of one critical play. With 6:34 left, Key, rushing off the right edge, had quarterback Deshaun Watson in his grasp. But Watson spun away, sprinted to his right and darted a 9-yard touchdown pass to tight end Darren Fells to erase the Raiders' four-point lead. ""It's still on me,"" Key said..."
N51651,news,newspolitics,Pelosi Sets High Bar for Impeachment Inquiry: Ironclad Proof,"House Speaker Nancy Pelosi, offering her most expansive view of the impeachment probe to date, said she decided to advance the inquiry into President Donald Trump after his phone call with Ukraine's leader provided her with the ""clarity"" that prior allegations against Trump lacked."
N22133,autos,autosresearchguides,The 30 Most Underappreciated Cars of 2019,Slow Sales Means Great Deals for Buyers
N42590,foodanddrink,beverages,Festive Thanksgiving Cocktails You'll Be Truly For,You can thank us later.
N15515,lifestyle,lifestylehomeandgarden,"Hosting This Holiday Season? Here's How to Get Your Home Ready, One Step at a Time","If your home needs more than a good scrubbing to be ready to host this holiday season, this guide will help you get your space in tip-top shape before the first guests arrive."
N12599,news,newsus,Red Flag Warning Issued; Thousands Anxiously Awaiting Final Decision On Power Outages,"For North Bay residents like Lawrence Phillips, PG&E power outages have become just one more daily challenge they need to overcome to live in California's picturesque Wine Country."
N45359,news,newsworld,Lawyers to try to stop Boris Johnson putting Brexit deal before MPs,Legal action to be lodged in Scotland on basis withdrawal agreement contravenes law
N34760,sports,basketball_nba,Rose: Durant's free agency would've 'been different' without season-ending injury,It's old news now that the Nets beat out the Knicks in the sweepstakes for both Kevin Durant and Kyrie Irving this past free agency period.
N16103,lifestyle,lifestylepetsanimals,The Shortest And Longest Living Dog Breeds In The World,"Dog owners will do anything to keep their furry, four-legged friend happy and healthy."
N64977,news,newsworld,At least 40 killed as fresh protests engulf Iraq,"At least 40 protesters were killed in Iraq on Friday when security forces used tear gas and an Iranian-backed militia opened fire to try to quell renewed demonstrations against corruption and economic hardship, security sources said."
N51595,tv,tvnews,Matt Lauer reportedly wanted royal's sister to join 'Today',Matt Lauer tried desperately to woo Pippa Middleton to 'Today.'
N30612,finance,personalfinance,The first thing 14 lottery winners have bought after finding out they were rich,"Winning the lottery may be a dream come true, but what that actually looks like is different for everyone."
N24064,lifestyle,lifestylebuzz,"Joe Giudice 'RHONJ' released from ICE custody, bound for Italy. Here are the first photos.","Joe Giudice is a free man, but not free to return home to New Jersey. The husband of ""Real Housewives of New Jersey"" star Teresa Giudice has been released from the custody of U.S. Immigration and Customs Enforcement to be deported to Italy. His daughter, Gia Giudice, shared the first photos of her father upon his release, showing a substantial change in his appearance, with Joe having lost a ..."
N4613,sports,football_nfl,"What Happened On Baker Mayfield's INT To Lawrence Guy? The QB, Coach Explain",FOXBORO Mass. -- Lawrence Guy picked off Baker Mayfield in probably the craziest way you will see this season. nesn embed the score team= patriots
N19615,foodanddrink,restaurantsandnews,Stop Looking at Restaurant Menus Ahead of Time,"Unless you have dietary restrictions, stop anxiously planning your meal before you even get to the restaurant."
N57164,tv,tvnews,Missing firefighter Brandy Hall's last 24 hours featured on podcast,Murder on the Space Coast Where is Brandy Hall returns with the first of five new update episodes looking at the missing woman's last 24 hours.
N64751,autos,autosenthusiasts,"Koenigsegg Agera XS test drive video: Almost 1,400 HP would leave you speechless, too","Oh, and did we mention it costs $5 million?"
N26394,news,newsworld,"As Syrian conflict escalates, Kurds guarding one ISIS jail threaten to leave",Many of the prisoners who spoke to NBC News appeared to know little of the chaos that was unfolding around them beyond the confines of their compound.
N52474,lifestyle,lifestylecelebstyle,40 Celebrities You Forgot Used to Rock Long Hair,"Long hair, don't care."
N62008,news,newscrime,High court weighs whether teen sniper deserves re-sentencing,"WASHINGTON (AP)   Liberal and conservative justices seemed split on whether to grant a new sentencing hearing to Lee Boyd Malvo, who as a teenager was one of two snipers who terrorized the Washington area, killing 10 people. The Supreme Court heard arguments Wednesday on whether Malvo was wrongly sentenced in Virginia to life without parole. Malvo was 17 at the time of the killings. His attorneys say he deserves a new hearing because of recent..."
N14219,news,newsopinion,The rewriting of Democratic presidential campaign history,"Moderate Democrats are worried about one thing, reports The New York Times: defeating Trump. They're fretting that Joe Biden can't seem to run a proper campaign, and Elizabeth Warren might be weak in the general, and Pete Buttigieg might not get minority support. ""Would Hillary Clinton get in, the contributors wondered, and how about Michael R. Bloomberg, the former New York mayor?"" writes Jonathan Martin. Or maybe even Michelle Obama? It's not..."
N56979,sports,football_nfl,Here's why Detroit Lions coach Matt Patricia won't start calling plays on defense,Detroit Lions coach Matt Patricia once worked on the staff of his defensive coordinator Paul Pasqualoni at Syracuse
N43674,news,newspolitics,"Eric Trump Complains That 'Every Family in Politics Enriches Themselves,' Saying 'It Is Sickening'","It can't happen in politics on any side of the aisle, the president's son said, despite widespread concerns about his own family's business interests around the world."
N13705,foodanddrink,recipes,The Walnut Vinaigrette That Made My Kids Fall in Love With Broccoli,"My favorite recipes are those where most of the dish is obvious, or maybe universally considered to be delicious, but one bit of the picture is slightly askew. I have built a career on this perspective and it is second nature to me now. In my personal life at home, too, I think it keeps cooking fresh and interesting, but also inspiring and approachable. Especially when you have kids. Case in point: this grilled broccolini salad with basil-walnut..."
N40606,sports,football_nfl,"Browns turn it over 3 straight plays, lose to Patriots 27-13",This one slipped out of Cleveland's hands. On three plays in a row.
N29287,sports,football_nfl,"Tom Brady happy for Jimmy Garoppolo, Jacoby Brissett's success","FOXBOROUGH -- The Patriots quarterbacks room in 2016 of Tom Brady, Jimmy Garoppolo and Jacoby Brissett was nicknamed ""The Wolfpack,"" and all three are enjoying tremendous success this season. Of course, Brady is 8-0 and then Jimmy Garoppolo has also led the 49ers to a 8-0 start, but not to be out done is Jacoby Brissett, who has done an admirable job taking over for Andrew Luck in Indy, and the Colts are a very respectable 5-2 to open the year...."
N21476,lifestyle,lifestyledidyouknow,50 'Rare' Events That Happen All the Time,"Things you once thought were rare may not be so unusual after all. Check out this list of 50 ""rare"" events to have your mind blown."
N41093,news,newsscienceandtechnology,New Research Suggests the Universe May Be a Giant Loop,"New research suggests our universe may actually be a closed loop instead of a never-ending expanse, but the theory has drawn criticism from other cosmologists."
N33415,lifestyle,lifestylecleaningandorganizing,31 Ways to Fake a Clean House,"Don't let lingering dust, dirt, and clutter set your last minute entertaining plans awash. Use these 3031cleaning shortcuts to turn the grimiest estate into a prime estate in minutes."
N42317,foodanddrink,foodnews,All the Snacks Bon Appétit Staffers Stash at Their Desks,Will work for snacks.
N39276,sports,baseball_mlb,The Nationals haven't played in a week. Is that a problem?,Adam Eaton and Howie Kendrick trying to remember how bats work
N33781,autos,autossuvs,2020 Toyota Land Cruiser first drive: Built for adventure,"Though it's largely the same as it ever was, a new Heritage Edition gives us more reasons to get excited about the Toyota Land Cruiser."
N32146,sports,football_nfl,Bears fans didn't take long to start booing Mitchell Trubisky,"Even before injury, Mitchell Trubisky wasn't setting the world on fire. In his return against the Saints, the fans are still not pleased with their quarterback."
N8892,lifestyle,lifestyledidyouknow,Can You Answer These Million-Dollar 'Who Wants to Be a Millionaire' Questions?,"Think you can correctly answer these actual million-dollar questions from ""Who Wants To Be a Millionaire""? Test your luck and see!"
N38113,travel,travelarticle,Plane crashes at Atlanta air show; pilot safely ejected before crash,Officials confirmed to Channel 2 Action News a plane that was supposed to be a part of the Atlanta Air Show crashed Sunday afternoon.
N27984,news,newsus,Senators grill Boeing CEO over plane involved in 2 crashes,Boeing CEO Dennis Muilenburg faced withering questions from senators Tuesday about two crashes of 737 Max jets and whether the company concealed information about a critical flight system.
